kew_id,taxon_name,taxon_name_binom,authors,Full name,Genus,Species ,previous_list_author,Institute,ID.Number,previous_list_ID,Standard,Buffer,ave.sample,ave.standard,GS_2C,GS_1C,Mbp_2C,Mbp_1C,cv.sample,cv.standard,SD(R).sample,measured_by,matched_by_synonym
30088655-2,Juniperus communis L.,Juniperus communis,L.,Juniperus communis,Juniperus,communis,,MSB,896913,,Allium,GPB3%PVPBmet,222.9766667,338.6733333,22.97,11.49,22465.61,11232.81,2.413333333,3.523333333,0.008717798,Robyn Powell,
30122169-2,Sambucus nigra L.,Sambucus nigra,L.,Sambucus nigra,Sambucus,nigra,,MSB,894171,,Allium,GPB3%PVPBmet,179.77,232.8933333,26.93,13.47,26339.04,13169.52,4.473333333,2.25,0.037740341,Arezoo Dastpak,
30122169-2,Sambucus nigra L.,Sambucus nigra,L.,Sambucus nigra,Sambucus,nigra,,MSB,950415,,Allium,GPB3%PVPBmet,202.6766667,261.79,27.01,13.51,26417.43,13208.71,2.81,1.93,0.003605551,Robyn Powell,
30216020-2,Asplenium scolopendrium L.,Asplenium scolopendrium,L.,Asplenium scolopendrium,Asplenium,scolopendrium,,Offsite,MC9023,,Allium,Ebihara,299.6266667,601.29,17.39,8.69,17003.42,8501.71,2.803333333,1.963333333,0.017387735,Sahr Mian,
305721-2,Osmunda regalis L.,Osmunda regalis,L.,Osmunda regalis,Osmunda,regalis,,Offsite,MC9029,,Allium,Ebihara,555.49,667.0766667,29.05,14.53,28414.52,14207.26,3.656666667,2.316666667,0.017387735,Sahr Mian,
30122169-2,Sambucus nigra L.,Sambucus nigra,L.,Sambucus nigra,Sambucus,nigra,,Offsite,MC9053,,Allium,GPB3%PVPBmet,334.2266667,425.7933333,27.39,13.69,26784.41,13392.2,2.413333333,2.853333333,0.003511885,Sahr Mian,
20007435-1,Equisetum telmateia Ehrh.,Equisetum telmateia,Ehrh.,Equisetum telmateia,Equisetum,telmateia,,Offsite,MC9046,,Allium,GPB3%PVPBmet,351.85,426.41,28.79,14.39,28155.94,14077.97,3.793333333,2.86,0.020744477,Sahr Mian,
30088655-2,Juniperus communis L.,Juniperus communis,L.,Juniperus communis,Juniperus,communis,,RBGE,ZAG1886,,Allium,GPB3%PVPBmet,343.3533333,533.5733333,22.45,11.23,21957.71,10978.85,3.273333333,2.11,0.017387735,Sahr Mian,
263353-1,Pinus sylvestris L.,Pinus sylvestris,L.,Pinus sylvestris,Pinus,sylvestris,,RBGE,ZAG1876,,Allium,OXPRO,620.21,465.21,46.51,23.26,45491.43,22745.71,2.206666667,2.64,0.019139836,Sahr Mian,
306036-2,Taxus baccata L.,Taxus baccata,L.,Taxus baccata,Taxus,baccata,,RBGE,ZAG1895,,Allium,Ebihara,313.7666667,437.3433333,25.03,12.52,24480.72,12240.36,3.693333333,2.933333333,0.017156146,Sahr Mian,
30055316-2,Athyrium filix-femina (L.) Roth,Athyrium filix-femina,(L.) Roth,Athyrium filix-femina,Athyrium,filix-femina,(L.) Roth,,DTOL_MG2019-3,319,Allium,Ebihara,172.13,406.92,14.76,7.38,14435.28,7217.64,2.98,2.74,0.01,Robyn Powell ,
30079143-2,Blechnum spicant (L.) Roth,Blechnum spicant,(L.) Roth,Blechnum spicant,Blechnum,spicant,(L.) Roth,,DTOL_MG2019-4,386,Allium,Ebihara,172.6,422.5,14.25,7.13,13936.5,6973.14,3.56,2.39,0.01,Robyn Powell,
17446120-1,Oreopteris limbosperma (All.) Holub,Oreopteris limbosperma,(All.) Holub,Oreopteris limbosperma,Oreopteris,limbosperma,(All.) Holub,,DTOL_MG2019-2,2416,Allium,Ebihara,165.38,421.49,13.69,6.85,13388.82,6699.3,2.43,1.89,0.01,Robyn Powell ,
300881-2,Viscum album L.,Viscum album,L.,Viscum album,Viscum,album,,,IL.fieldcoll_somerset,,Allium,GPB3%PVPBmet,835.88,155.4966667,187.55,93.78,183426.75,91713.38,2.373333333,3.653333333,0.019139836,Robyn Powell,
263353-1,Pinus sylvestris L.,Pinus sylvestris,L.,Pinus sylvestris,Pinus,sylvestris,,MSB,925037,,Allium,GPB3%PVPBmet,220.0066667,159.9333333,46.08,23.04,45069.27,22534.63,4.086666667,4.056666667,0.001527525,Robyn Powell,
263353-1,Pinus sylvestris L.,Pinus sylvestris,L.,Pinus sylvestris,Pinus,sylvestris,,MSB,912596,,Allium,GPB3%PVPBmet,456.9466667,202.1166667,75.74,37.87,74070.8,37035.4,1.69,2.606666667,0,Robyn Powell,
60463343-2,Euphrasia nemorosa (Pers.) Wallr.,Euphrasia nemorosa,(Pers.) Wallr.,Euphrasia nemorosa,Euphrasia,nemorosa,,MSB,863171,,Oryza,GPB3%PVPBmet,449.3666667,185.9733333,2.42,1.21,2363.14,1181.57,2.75,4.933333333,0.022912878,Robyn Powell,
300581-2,Myrica gale L.,Myrica gale,L.,Myrica gale,Myrica,gale,,RBGE,ZAG1878,,Oryza,OXPRO,376.0066667,617.2666667,0.61,0.3,595.75,297.87,3.476666667,3.816666667,0.022912878,Sahr Mian,
347072-1,Euphorbia lathyris L.,Euphorbia lathyris,L.,Euphorbia lathyris,Euphorbia,lathyris,,LCD,1994-2809,,Petroselinum,GPB3%PVPBmet,228.7733333,408.7933333,2.52,1.26,2462.94,1231.47,2.77,2.956666667,0.017502381,Sahr Mian ,
781250-1,Acer campestre L.,Acer campestre,L.,Acer campestre,Acer,campestre,,MSB,131380,,Petroselinum,GPB3%PVPBmet,196.0066667,368.6033333,2.39,1.2,2340.25,1170.13,7.416666667,4.87,0.01106044,Robyn Powell,
720496-1,Alchemilla acutiloba Opiz,Alchemilla acutiloba,Opiz,Alchemilla acutiloba,Alchemilla,acutiloba,,MSB,109350,,Petroselinum,GPB3%PVPBmet,275.8933333,320.6933333,3.87,1.94,3786.19,1893.1,3.37,2.356666667,0.00305505,Robyn Powell,
528894-1,Allium sphaerocephalon L.,Allium sphaerocephalon,L.,Allium sphaerocephalon,Allium,sphaerocephalon,,MSB,107091,,Petroselinum,GPB3%PVPBmet,772.6366667,113.06,30.75,15.38,30075.84,15037.92,2.91,3.99,1.710280776,Robyn Powell,
30036759-2,Alnus glutinosa (L.) Gaertn.,Alnus glutinosa,(L.) Gaertn.,Alnus glutinosa,Alnus,glutinosa,,MSB,954435,,Petroselinum,GPB3%PVPBmet,202.1866667,676.8766667,1.34,0.67,1314.6,657.3,4.756666667,1.21,0.013892444,Robyn Powell,
30036759-2,Alnus glutinosa (L.) Gaertn.,Alnus glutinosa,(L.) Gaertn.,Alnus glutinosa,Alnus,glutinosa,,MSB,954583,,Petroselinum,GPB3%PVPBmet,146.9433333,538.81,1.23,0.61,1200.23,600.12,5.67,2,0.038974351,Robyn Powell,
303826-2,Arenaria serpyllifolia L.,Arenaria serpyllifolia,L.,Arenaria serpyllifolia,Arenaria,serpyllifolia,,MSB,897183,,Petroselinum,GPB3%PVPBmet,162.49,896.75,0.82,0.41,797.46,398.73,3.703333333,1.596666667,0.028618176,Robyn Powell,
19793-2,Armeria maritima (Mill.) Willd.,Armeria maritima,(Mill.) Willd.,Armeria maritima,Armeria,maritima,,MSB,995090,,Petroselinum,GPB3%PVPBmet,370.1766667,176.7566667,9.42,4.71,9216.89,4608.45,2.283333333,2.183333333,0.002645751,Robyn Powell,
184409-1,Bellis perennis L.,Bellis perennis,L.,Bellis perennis,Bellis,perennis,,MSB,539573,,Petroselinum,GPB3%PVPBmet,144.5433333,178.3566667,3.65,1.82,3566.65,1783.32,4.393333333,3.59,0.005196152,Robyn Powell,
295174-1,Betula pendula Roth,Betula pendula,Roth,Betula pendula,Betula,pendula,,MSB,950600,,Petroselinum,GPB3%PVPBmet,180.9966667,381.18,2.14,1.07,2089.74,1044.87,4.796666667,1.873333333,0.016862186,Robyn Powell,
295185-1,Betula pubescens Ehrh.,Betula pubescens,Ehrh.,Betula pubescens,Betula,pubescens,,MSB,950563,,Petroselinum,GPB3%PVPBmet,163.78,679.0466667,1.09,0.54,1061.48,530.74,6.193333333,1.806666667,1.550809251,Robyn Powell,
393294-1,Briza media L.,Briza media,L.,Briza media,Briza,media,,MSB,1007501,,Petroselinum,GPB3%PVPBmet,383.6366667,254.2566667,6.79,3.39,6640.47,3320.24,2.273333333,2.893333333,0.003605551,Robyn Powell,
330920-2,Callitriche hermaphroditica L.,Callitriche hermaphroditica,L.,Callitriche hermaphroditica,Callitriche,hermaphroditica,,MSB,1003938,,Petroselinum,GPB3%PVPBmet,176.4333333,421.6633333,1.88,0.94,1841.48,920.74,4.803333333,4.05,0.002081666,Robyn Powell,
45334-2,Cardamine pratensis L.,Cardamine pratensis,L.,Cardamine pratensis,Cardamine,pratensis,,MSB,941684,,Petroselinum,GPB3%PVPBmet,289.6266667,356.4333333,3.66,1.83,3576.12,1788.06,3.396666667,2.126666667,0.025980762,Robyn Powell,
30009416-2,Carex atrata L.,Carex atrata,L.,Carex atrata,Carex,atrata,,MSB,121127,,Petroselinum,GPB3%PVPBmet,133.0233333,621.0233333,0.96,0.48,942.7,471.35,4.793333333,3.16,0.018583146,Robyn Powell,
163088-1,Ceratophyllum submersum L.,Ceratophyllum submersum,L.,Ceratophyllum submersum,Ceratophyllum,submersum,,MSB,939081,,Petroselinum,GPB3%PVPBmet,219.5533333,571.38,1.73,0.86,1691.09,845.54,3.79,1.566666667,0.006,Robyn Powell,
801401-1,Chaenorhinum minus (L.) Lange,Chaenorhinum minus,(L.) Lange,Chaenorhinum minus,Chaenorhinum,minus,,MSB,116431,,Petroselinum,GPB3%PVPBmet,121,534.72,1.02,0.51,995.89,497.94,5.47,2.213333333,0.05064912,Robyn Powell,
801401-1,Chaenorhinum minus (L.) Lange,Chaenorhinum minus,(L.) Lange,Chaenorhinum minus,Chaenorhinum,minus,,MSB,116431,,Petroselinum,GPB3%PVPBmet,124.8566667,563.9733333,1,0.5,974.33,487.16,4.743333333,1.64,0.049869831,Robyn Powell,
58893-2,Circaea alpina L.,Circaea alpina,L.,Circaea alpina,Circaea,alpina,,MSB,130279,,Petroselinum,GPB3%PVPBmet,159.5533333,543.81,1.32,0.66,1291.25,645.62,5.006666667,3.073333333,0.032959571,Sahr Mian ,
281462-1,Cochlearia micacea E.S. Marshall,Cochlearia micacea,E.S. Marshall,Cochlearia micacea,Cochlearia,micacea,,MSB,102384,,Petroselinum,GPB3%PVPBmet,159.85,303.17,2.37,1.19,2320.48,1160.24,6.07,3.813333333,0.012503333,Robyn Powell,
723820-1,Crataegus monogyna Jacq.,Crataegus monogyna,Jacq.,Crataegus monogyna,Crataegus,monogyna,,MSB,855336,,Petroselinum,GPB3%PVPBmet,246.9233333,557.6633333,1.99,1,1948.68,974.34,4.683333333,2.413333333,0.025658007,Robyn Powell,
723820-1,Crataegus monogyna Jacq.,Crataegus monogyna,Jacq.,Crataegus monogyna,Crataegus,monogyna,,MSB,806567,,Petroselinum,GPB3%PVPBmet,173.12,446.86,1.74,0.87,1705.01,852.51,4.69,2.17,0,Robyn Powell,
267425-1,Cuscuta europaea L.,Cuscuta europaea,L.,Cuscuta europaea,Cuscuta,europaea,,MSB,60556,,Petroselinum,GPB3%PVPBmet,211.385,182.7,5.21,2.6,5091.98,2545.99,2.569074675,1.74,0.005656854,Robyn Powell,
115128-1,Cynoglossum germanicum Jacq.,Cynoglossum germanicum,Jacq.,Cynoglossum germanicum,Cynoglossum,germanicum,,MSB,113233,,Petroselinum,GPB3%PVPBmet,184.8633333,362.7266667,2.29,1.15,2242.97,1121.48,4.125,3.276666667,0.021548395,Robyn Powell,
310755-2,Dianthus armeria L.,Dianthus armeria,L.,Dianthus armeria,Dianthus,armeria,,MSB,132088,,Petroselinum,GPB3%PVPBmet,124.1266667,500.0633333,1.12,0.56,1092.42,546.21,3.203333333,2.533333333,0.053163271,Robyn Powell,
115950-1,Echium vulgare L.,Echium vulgare,L.,Echium vulgare,Echium,vulgare,,MSB,888134,,Petroselinum,GPB3%PVPBmet,239.7633333,586.19,1.84,0.92,1800.1,900.05,3.763333333,1.953333333,0.008504901,Robyn Powell,
494223-1,Ervilia sylvatica (L.) Schur,Ervilia sylvatica,(L.) Schur,Vicia sylvatica,Vicia,sylvatica,,MSB,893967,,Petroselinum,GPB3%PVPBmet,573.75,181.7933333,14.2,7.1,13889.8,6944.9,1.986666667,2.723333333,0.028583212,Robyn Powell,y
160876-1,Euonymus europaeus L.,Euonymus europaeus,L.,Euonymus europaeus,Euonymus,europaeus,,MSB,912437,,Petroselinum,GPB3%PVPBmet,229.0966667,544.2066667,1.89,0.95,1852.71,926.35,4.123333333,2.06,0.031659648,Robyn Powell,
373335-1,Geranium molle L.,Geranium molle,L.,Geranium molle,Geranium,molle,,MSB,142643,,Petroselinum,GPB3%PVPBmet,130.74,574.4233333,1.02,0.51,1001.68,500.84,3.793333333,1.943333333,0.017088007,Robyn Powell,
322494-2,Geranium sanguineum L.,Geranium sanguineum,L.,Geranium sanguineum,Geranium,sanguineum,,MSB,945073,,Petroselinum,GPB3%PVPBmet,450.3966667,224.6533333,9.02,4.51,8823.35,4411.68,2.353333333,2.17,0.001732051,Robyn Powell,
322494-2,Geranium sanguineum L.,Geranium sanguineum,L.,Geranium sanguineum,Geranium,sanguineum,,MSB,120902,,Petroselinum,GPB3%PVPBmet,419.4,201.93,9.35,4.67,9140.69,4570.34,3.58,2.59,0,Robyn Powell,
214778-1,Hieracium anglicum Fr.,Hieracium anglicum,Fr.,Hieracium anglicum,Hieracium,anglicum,,MSB,879277,,Petroselinum,GPB3%PVPBmet,390.7366667,153.4366667,11.46,5.73,11207.44,5603.72,2.176666667,3.063333333,0.010692677,Robyn Powell,
217420-1,Hieracium exotericum Jord. ex Boreau,Hieracium exotericum,Jord. ex Boreau,Hieracium exotericum,Hieracium,exotericum,,MSB,879347,,Petroselinum,GPB3%PVPBmet,326.51,137.5033333,10.69,5.34,10450.44,5225.22,4.896666667,4.106666667,0.013428825,Robyn Powell,
217420-1,Hieracium exotericum Jord. ex Boreau,Hieracium exotericum,Jord. ex Boreau,Hieracium exotericum,Hieracium,exotericum,,MSB,879336,,Petroselinum,GPB3%PVPBmet,321.895,134.87,10.74,5.37,10503.89,5251.95,2.835,2.6,0.002828427,Robyn Powell,
218356-1,Hieracium hethlandiae (F. Hanb.) Pugsley,Hieracium hethlandiae,(F. Hanb.) Pugsley,Hieracium hethlandiae,Hieracium,hethlandiae,,MSB,854546,,Petroselinum,GPB3%PVPBmet,535.4633333,152.05,15.85,7.92,15498.68,7749.34,4.483333333,4.05,0.012,Robyn Powell,
218425-1,Hieracium holosericeum Backh. f.,Hieracium holosericeum,Backh. f.,Hieracium holosericeum,Hieracium,holosericeum,,MSB,116936,,Petroselinum,GPB3%PVPBmet,312.3,120.92,11.62,5.81,11366.46,5683.23,4.026666667,3.653333333,0.039736633,Robyn Powell,
221795-1,Hieracium proximum F. Hanb.,Hieracium proximum,F. Hanb.,Hieracium proximum,Hieracium,proximum,,MSB,893266,,Petroselinum,GPB3%PVPBmet,505.67,196.5433333,11.58,5.79,11322.97,5661.48,2.663333333,2.883333333,0.021283797,Robyn Powell,
60474653-2,Hieracium trichocaulon (Dahlst.) Johanss.,Hieracium trichocaulon,(Dahlst.) Johanss.,Hieracium trichocaulon,Hieracium,trichocaulon,,MSB,891376,,Petroselinum,GPB3%PVPBmet,403.0566667,157.9,11.49,5.74,11234.02,5617.01,2.483333333,2.906666667,0.036510273,Robyn Powell,
448939-1,Lamium purpureum L.,Lamium purpureum,L.,Lamium purpureum,Lamium,purpureum,,MSB,901635,,Petroselinum,GPB3%PVPBmet,215.2866667,353.2033333,2.74,1.37,2682.52,1341.26,2.96,2.453333333,0.003785939,Robyn Powell,
502035-1,Lathyrus sylvestris L.,Lathyrus sylvestris,L.,Lathyrus sylvestris,Lathyrus,sylvestris,,MSB,894193,,Petroselinum,GPB3%PVPBmet,873.78,185.3633333,21.21,10.61,20745.77,10372.89,1.983333333,2.416666667,0.018903263,Robyn Powell,
844602-1,Ligusticum scoticum L.,Ligusticum scoticum,L.,Ligusticum scoticum,Ligusticum,scoticum,,MSB,888178,,Petroselinum,GPB3%PVPBmet,200.8266667,139.1,6.5,3.25,6353.98,3176.99,4.873333333,4.646666667,0.006557439,Robyn Powell,
118163-1,Lithospermum officinale L.,Lithospermum officinale,L.,Lithospermum officinale,Lithospermum,officinale,,MSB,106935,,Petroselinum,GPB3%PVPBmet,149.8833333,469.8466667,1.44,0.72,1403.94,701.97,4.35,1.98,0.030805844,Robyn Powell,
143992-1,Lobelia urens L.,Lobelia urens,L.,Lobelia urens,Lobelia,urens,,MSB,1026126,,Petroselinum,Cystain,72.31333333,340.8633333,0.95,0.48,933.66,466.83,3.53,2.23,0.038214308,Arezoo Dastpak,
143992-1,Lobelia urens L.,Lobelia urens,L.,Lobelia urens,Lobelia,urens,,MSB,809281,,Petroselinum,GPB3%PVPBmet,86.56,388.03,1,0.5,981.76,490.88,4.545,1.61,0.070003571,Robyn Powell,
149006-1,Lonicera periclymenum L.,Lonicera periclymenum,L.,Lonicera periclymenum,Lonicera,periclymenum,,MSB,1003732,,Petroselinum,GPB3%PVPBmet,349.29,230.37,6.82,3.41,6672.85,3336.43,4.92,2.29,0,Robyn Powell,
30179739-2,Lotus corniculatus L.,Lotus corniculatus,L.,Lotus corniculatus,Lotus,corniculatus,,MSB,888190,,Petroselinum,GPB3%PVPBmet,236.0366667,423.2866667,2.51,1.25,2454.12,1227.06,2.75,2.23,0.008144528,Robyn Powell,
443712-1,Luzula arcuata (Wahlenb.) Sw.,Luzula arcuata,(Wahlenb.) Sw.,Luzula arcuata,Luzula,arcuata,,MSB,991689,,Petroselinum,GPB3%PVPBmet,271.6366667,354.6633333,3.45,1.72,3370.73,1685.36,2.5,1.886666667,0.001527525,Robyn Powell,
77068343-1,"Lysimachia maritima (L.) Galasso, Banfi & Soldano",Lysimachia maritima,"(L.) Galasso, Banfi & Soldano",Lysimachia maritima,Lysimachia,maritima,,MSB,130394,,Petroselinum,Cystain,243.5066667,338.7633333,3.23,1.62,3163.49,1581.74,2.896666667,2.42,0.005,Arezoo Dastpak,
726415-1,Malus sylvestris (L.) Mill.,Malus sylvestris,(L.) Mill.,Malus sylvestris,Malus,sylvestris,,MSB,893554,,Petroselinum,GPB3%PVPBmet,218.81,489.5333333,2.01,1.01,1967.14,983.57,9.78,1.696666667,0.026159766,Robyn Powell,
726415-1,Malus sylvestris (L.) Mill.,Malus sylvestris,(L.) Mill.,Malus sylvestris,Malus,sylvestris,,MSB,954398,,Petroselinum,GPB3%PVPBmet,179.1333333,444.8966667,1.81,0.91,1772.02,886.01,4.853333333,2.093333333,0.017156146,Robyn Powell,
726415-1,Malus sylvestris (L.) Mill.,Malus sylvestris,(L.) Mill.,Malus sylvestris,Malus,sylvestris,,MSB,952981,,Petroselinum,GPB3%PVPBmet,160.52,318.92,2.26,1.13,2215.13,1107.56,6.11,4.34,0,Robyn Powell,
30234961-2,Medicago sativa L.,Medicago sativa,L.,Medicago falcata,Medicago,falcata,,MSB,894001,,Petroselinum,GPB3%PVPBmet,444.5333333,521.37,3.84,1.92,3752.4,1876.2,3.526666667,2.52,0.00321455,Robyn Powell,y
118618-1,Mertensia maritima (L.) Gray,Mertensia maritima,(L.) Gray,Mertensia maritima,Mertensia,maritima,,MSB,893152,,Petroselinum,GPB3%PVPBmet,204.55,614.5433333,1.5,0.75,1464.87,732.43,4.663333333,1.926666667,0.036004629,Robyn Powell,
287109-1,Microthlaspi perfoliatum (L.) F.K. Mey.,Microthlaspi perfoliatum,(L.) F.K. Mey.,Thlaspi perfoliatum,Thlaspi,perfoliatum,,MSB,244905,,Petroselinum,GPB3%PVPBmet,152.2833333,508.8033333,1.35,0.67,1317.21,658.6,3.25,1.343333333,0.037161808,Robyn Powell,y
119082-1,Myosotis laxa Lehm.,Myosotis laxa,Lehm.,Myosotis laxa,Myosotis,laxa,,MSB,911245,,Petroselinum,GPB3%PVPBmet,169.5633333,249.67,3.06,1.53,2988.94,1494.47,4.7,2.893333333,0.005033223,Robyn Powell,
845253-1,Oenanthe crocata L.,Oenanthe crocata,L.,Oenanthe crocata,Oenanthe,crocata,,MSB,1005448,,Petroselinum,GPB3%PVPBmet,137.6866667,457.47,1.35,0.68,1324.59,662.29,2.606666667,1.466666667,0.006244998,Robyn Powell,
510168-1,Onobrychis viciifolia Scop.,Onobrychis viciifolia,Scop.,Onobrychis viciifolia,Onobrychis,viciifolia,,MSB,941709,,Petroselinum,GPB3%PVPBmet,184.09,297.4166667,2.79,1.39,2724.06,1362.03,3.92,2.113333333,0.019553346,Robyn Powell,
155978-1,Petrorhagia nanteuilii (Burnat) P.W. Ball & Heywood,Petrorhagia nanteuilii,(Burnat) P.W. Ball & Heywood,Petrorhagia nanteuilii,Petrorhagia,nanteuilii,,MSB,114530,,Petroselinum,GPB3%PVPBmet,203.75,284.56,3.22,1.61,3151.19,1575.6,4.205,2.696666667,0.009451631,Robyn Powell,
415571-1,Phalaris arundinacea L.,Phalaris arundinacea,L.,Phalaris arundinacea,Phalaris,arundinacea,,MSB,1015922,,Petroselinum,GPB3%PVPBmet,603.4633333,248.4266667,10.93,5.47,10690.65,5345.32,4.166666667,2.156666667,0.026851443,Robyn Powell,
144490-1,Phyteuma spicatum L.,Phyteuma spicatum,L.,Phyteuma spicatum,Phyteuma,spicatum,,MSB,855347,,Petroselinum,GPB3%PVPBmet,193.02,340.5433333,2.55,1.28,2494.49,1247.24,2.48,2.48,0.013076697,Robyn Powell,
237848-1,Picris hieracioides L.,Picris hieracioides,L.,Picris hieracioides,Picris,hieracioides,,MSB,112374,,Petroselinum,GPB3%PVPBmet,180.4566667,268.1766667,3.03,1.51,2961.44,1480.72,3.28,2.646666667,0.028290163,Robyn Powell,
321285-2,Plantago lanceolata L.,Plantago lanceolata,L.,Plantago lanceolata,Plantago,lanceolata,,MSB,945002,,Petroselinum,GPB3%PVPBmet,242.9,370.59,2.95,1.47,2884.6,1442.3,2.286666667,1.876666667,0.007094599,Robyn Powell,
30005260-2,Primula farinosa L.,Primula farinosa,L.,Primula farinosa,Primula,farinosa,,MSB,21799,,Petroselinum,GPB3%PVPBmet,207.7466667,250.4466667,3.73,1.87,3650.65,1825.32,3.335,2.57,0.004041452,Robyn Powell,
30093848-2,Prunus avium (L.) L.,Prunus avium,(L.) L.,Prunus avium,Prunus,avium,,MSB,912541,,Petroselinum,GPB3%PVPBmet,172.5033333,798.2166667,0.97,0.49,951.1,475.55,4.513333333,1.516666667,0.035042831,Robyn Powell,
30093848-2,Prunus avium (L.) L.,Prunus avium,(L.) L.,Prunus avium,Prunus,avium,,MSB,947446,,Petroselinum,GPB3%PVPBmet,135.53,577.23,1.06,0.53,1033.33,516.66,11.95,2.11,0,Robyn Powell,
730076-1,Prunus padus L.,Prunus padus,L.,Prunus padus,Prunus,padus,,MSB,948122,,Petroselinum,GPB3%PVPBmet,144.19,570.1733333,1.14,0.57,1112.96,556.48,4.823333333,2.613333333,0.020744477,Robyn Powell,
730297-1,Prunus spinosa L.,Prunus spinosa,L.,Prunus spinosa,Prunus,spinosa,,MSB,961594,,Petroselinum,GPB3%PVPBmet,258.4233333,731.38,1.59,0.8,1555.03,777.52,5.413333333,1.483333333,0.034219877,Robyn Powell,
730297-1,Prunus spinosa L.,Prunus spinosa,L.,Prunus spinosa,Prunus,spinosa,,MSB,961594,,Petroselinum,GPB3%PVPBmet,172.6566667,477.9866667,1.63,0.81,1589.71,794.86,5.273333333,1.76,0.009539392,Robyn Powell,
730297-1,Prunus spinosa L.,Prunus spinosa,L.,Prunus spinosa,Prunus,spinosa,,MSB,952039,,Petroselinum,GPB3%PVPBmet,332.02,623.15,2.4,1.2,2344.89,1172.45,4.87,3.09,0.871155554,Robyn Powell,
712125-1,Ranunculus acris L.,Ranunculus acris,L.,Ranunculus acris,Ranunculus,acris,,MSB,882556,,Petroselinum,GPB3%PVPBmet,446.8466667,193.57,10.39,5.19,10159.49,5079.74,1.92,2.463333333,0.007,Robyn Powell,
713478-1,Ranunculus peltatus Schrank,Ranunculus peltatus,Schrank,Ranunculus peltatus,Ranunculus,peltatus,,MSB,898098,,Petroselinum,GPB3%PVPBmet,377.2133333,181.1766667,9.37,4.68,9162.97,4581.48,2.576666667,2.39,0.007549834,Robyn Powell,
715534-1,Reseda lutea L.,Reseda lutea,L.,Reseda lutea,Reseda,lutea,,MSB,1034561,,Petroselinum,GPB3%PVPBmet,169.41,462.495,1.65,0.82,1612.07,806.03,7.02,2.675,0,Sahr Mian ,
30116962-2,Rhinanthus minor L.,Rhinanthus minor,L.,Rhinanthus minor,Rhinanthus,minor,,MSB,891228,,Petroselinum,GPB3%PVPBmet,231.0666667,331.1833333,3.14,1.57,3070.58,1535.29,4.26,3.063333333,0.024110855,Robyn Powell,
30116962-2,Rhinanthus minor L.,Rhinanthus minor,L.,Rhinanthus minor,Rhinanthus,minor,,MSB,945154,,Petroselinum,GPB3%PVPBmet,181.3133333,282.9933333,2.88,1.44,2819.71,1409.86,4.603333333,2.346666667,0.029022979,Robyn Powell,
30116962-2,Rhinanthus minor L.,Rhinanthus minor,L.,Rhinanthus minor,Rhinanthus,minor,,MSB,888260,,Petroselinum,GPB3%PVPBmet,254.57,363.02,3.16,1.58,3086.23,1543.11,6,4.78,0,Robyn Powell,
731955-1,Rosa canina L.,Rosa canina,L.,Rosa canina,Rosa,canina,,MSB,77855,,Petroselinum,GPB3%PVPBmet,137.3733333,462.9133333,1.34,0.67,1306.03,653.02,4.28,2.54,0.053724606,Robyn Powell,
740058-1,Rubus scissus W.C.R. Watson,Rubus scissus,W.C.R. Watson,Rubus scissus,Rubus,scissus,,MSB,137887,,Petroselinum,GPB3%PVPBmet,141.7666667,430.73,1.48,0.74,1448.51,724.25,4.65,3.2,0.014468356,Sahr Mian ,
697469-1,Rumex rupestris Le Gall,Rumex rupestris,Le Gall,Rumex rupestris,Rumex,rupestris,,MSB,110440,,Petroselinum,GPB3%PVPBmet,175.64,422.2166667,1.87,0.94,1830.79,915.4,3.093333333,2.41,0.007571878,Robyn Powell,
77137578-1,Sabulina rubella (Wahlenb.) Dillenb. & Kadereit,Sabulina rubella,(Wahlenb.) Dillenb. & Kadereit,Sabulina rubella,Sabulina,rubella,,MSB,115825,,Petroselinum,GPB3%PVPBmet,198.61,394.37,2.27,1.13,2216.4,1108.2,2.606666667,2.833333333,0.042158431,Arezoo Dastpak,
77137578-1,Sabulina rubella (Wahlenb.) Dillenb. & Kadereit,Sabulina rubella,(Wahlenb.) Dillenb. & Kadereit,Sabulina rubella,Sabulina,rubella,,MSB,115814,,Petroselinum,GPB3%PVPBmet,201.5733333,398.6366667,2.28,1.14,2225.4,1112.7,2.83,2.286666667,0.012342339,Arezoo Dastpak,
77137578-1,Sabulina rubella (Wahlenb.) Dillenb. & Kadereit,Sabulina rubella,(Wahlenb.) Dillenb. & Kadereit,Sabulina rubella,Sabulina,rubella,,MSB,115777,,Petroselinum,GPB3%PVPBmet,129.98,711.52,0.82,0.41,803.97,401.99,5.653333333,3.126666667,0.073050211,Robyn Powell,
156521-1,Sagina saginoides (L.) H. Karst.,Sagina saginoides,(L.) H. Karst.,Sagina saginoides,Sagina,saginoides,,MSB,121611,,Petroselinum,GPB3%PVPBmet,152.7233333,727.8433333,0.94,0.47,923.46,461.73,5.056666667,2.413333333,0.01266228,Robyn Powell,
777119-1,Salix aurita L.,Salix aurita,L.,Salix aurita,Salix,aurita,,MSB,1042430,,Petroselinum,GPB3%PVPBmet,251.1,572.3366667,1.97,0.99,1930.84,965.42,4.153333333,2.43,0.03995414,Robyn Powell,
303599-2,Salix caprea L.,Salix caprea,L.,Salix caprea,Salix,caprea,,MSB,979166,,Petroselinum,GPB3%PVPBmet,150.32,644.0966667,1.05,0.53,1027.11,513.56,4.31,1.326666667,0.032046841,Robyn Powell,
301107-2,Salix cinerea L.,Salix cinerea,L.,Salix cinerea,Salix,cinerea,,MSB,1039748,,Petroselinum,GPB3%PVPBmet,206.66,507.9666667,1.83,0.92,1790.49,895.25,4.8,1.9,0.046,Robyn Powell,
312506-2,Salix pentandra L.,Salix pentandra,L.,Salix pentandra,Salix,pentandra,,MSB,1001853,,Petroselinum,GPB3%PVPBmet,156.0233333,516.0466667,1.36,0.68,1330.61,665.31,6.82,3.38,0.013012814,Robyn Powell,
848035-1,Scandix pecten-veneris L.,Scandix pecten-veneris,L.,Scandix pecten-veneris,Scandix,pecten-veneris,,MSB,112695,,Petroselinum,GPB3%PVPBmet,287.0433333,435.8,2.96,1.48,2898.76,1449.38,3.933333333,2.873333333,0.001527525,Sahr Mian ,
1019165-1,Schoenoplectus triqueter (L.) Palla,Schoenoplectus triqueter,(L.) Palla,Schoenoplectus triqueter,Schoenoplectus,triqueter,,MSB,911359,,Petroselinum,GPB3%PVPBmet,160.4466667,510.02,1.42,0.71,1384.51,692.25,3.093333333,1.966666667,0.003785939,Robyn Powell,
1019165-1,Schoenoplectus triqueter (L.) Palla,Schoenoplectus triqueter,(L.) Palla,Schoenoplectus triqueter,Schoenoplectus,triqueter,,MSB,911371,,Petroselinum,GPB3%PVPBmet,157.68,501.3366667,1.42,0.71,1384.2,692.1,3.04,2.003333333,0.0090185,Robyn Powell,
766342-1,Sherardia arvensis L.,Sherardia arvensis,L.,Sherardia arvensis,Sherardia,arvensis,,MSB,897194,,Petroselinum,GPB3%PVPBmet,170.4966667,614.0633333,1.25,0.62,1221.95,610.98,4.313333333,4,0.033471381,Robyn Powell,
157239-1,Silene dioica (L.) Clairv.,Silene dioica,(L.) Clairv.,Silene dioica,Silene,dioica,,MSB,42282,,Petroselinum,GPB3%PVPBmet,367.18,275.8133333,5.99,3,5858.89,2929.44,2.513333333,2.23,0.006,Robyn Powell,
157239-1,Silene dioica (L.) Clairv.,Silene dioica,(L.) Clairv.,Silene dioica,Silene,dioica,,MSB,33679,,Petroselinum,GPB3%PVPBmet,277.9233333,212.2533333,5.89,2.95,5762.64,2881.32,2.163333333,2.276666667,0.002081666,Robyn Powell,
741629-1,Sorbus aria (L.) Crantz,Sorbus aria,(L.) Crantz,Aria edulis,Aria,edulis,,MSB,951951,,Petroselinum,GPB3%PVPBmet,190.75,461.4466667,1.86,0.93,1819.26,909.63,8.343333333,2.326666667,0.021594752,Robyn Powell,y
741641-1,Sorbus aucuparia L.,Sorbus aucuparia,L.,Sorbus aucuparia,Sorbus,aucuparia,,MSB,922139,,Petroselinum,GPB3%PVPBmet,154.58,431.1966667,1.61,0.81,1577.72,788.86,4.063333333,2.17,0.039627432,Robyn Powell,
741641-1,Sorbus aucuparia L.,Sorbus aucuparia,L.,Sorbus aucuparia,Sorbus,aucuparia,,MSB,912518,,Petroselinum,GPB3%PVPBmet,157.4266667,426.4633333,1.66,0.83,1624.61,812.3,3.696666667,1.726666667,0.029280255,Robyn Powell,
741641-1,Sorbus aucuparia L.,Sorbus aucuparia,L.,Sorbus aucuparia,Sorbus,aucuparia,,MSB,890173,,Petroselinum,GPB3%PVPBmet,169.3433333,470.1166667,1.62,0.81,1585.31,792.65,4.95,2.146666667,0.02463737,Robyn Powell,
741641-1,Sorbus aucuparia L.,Sorbus aucuparia,L.,Sorbus aucuparia,Sorbus,aucuparia,,MSB,892074,,Petroselinum,GPB3%PVPBmet,173.5966667,479.1233333,1.63,0.82,1594.58,797.29,3.95,1.826666667,0.048086727,Robyn Powell,
741905-1,Sorbus porrigentiformis E.F. Warb.,Sorbus porrigentiformis,E.F. Warb.,Aria porrigentiformis,Aria,porrigentiformis,,MSB,138806,,Petroselinum,GPB3%PVPBmet,179.05,350.9033333,2.3,1.15,2245.63,1122.81,4.816666667,3.893333333,0.021071308,Sahr Mian ,y
459820-1,Stachys palustris L.,Stachys palustris,L.,Stachys palustris,Stachys,palustris,,MSB,901680,,Petroselinum,GPB3%PVPBmet,338.6733333,268.0933333,5.68,2.84,5559.64,2779.82,3.586666667,4.72,0.009814955,Robyn Powell,
983852-1,Stellaria pallida (Dumort.) Crép.,Stellaria pallida,(Dumort.) Crép.,Stellaria pallida,Stellaria,pallida,,MSB,144585,,Petroselinum,GPB3%PVPBmet,141.0633333,555.7533333,1.14,0.57,1117.08,558.54,4.593333333,2.67,0.072339477,Robyn Powell,
320331-1,Succisa pratensis Moench,Succisa pratensis,Moench,Succisa pratensis,Succisa,pratensis,,MSB,895754,,Petroselinum,GPB3%PVPBmet,277.6066667,241.63,5.17,2.59,5056.27,2528.14,2.386666667,1.7,0.001527525,Robyn Powell,
255226-1,Tephroseris integrifolia (L.) Holub,Tephroseris integrifolia,(L.) Holub,Tephroseris integrifolia,Tephroseris,integrifolia,,MSB,135160,,Petroselinum,GPB3%PVPBmet,540.3666667,155.42,15.65,7.82,15301.47,7650.73,2.463333333,3.043333333,0.065551506,Robyn Powell,
290477-1,Thlaspi arvense L.,Thlaspi arvense,L.,Thlaspi arvense,Thlaspi,arvense,,MSB,112547,,Petroselinum,GPB3%PVPBmet,155.1133333,617.5466667,1.13,0.57,1105.43,552.71,3.206666667,3.036666667,0.004163332,Robyn Powell,
523626-1,Trifolium repens L.,Trifolium repens,L.,Trifolium repens,Trifolium,repens,,MSB,120326,,Petroselinum,GPB3%PVPBmet,142.92,464.55,1.38,0.69,1353.98,676.99,2.706666667,1.863333333,0.007094599,Arezoo Dastpak,
849890-1,Trocdaris verticillata (L.) Raf.,Trocdaris verticillata,(L.) Raf.,Carum verticillatum,Carum,verticillatum,,MSB,1007512,,Petroselinum,GPB3%PVPBmet,420.4866667,144.7266667,13.07,6.54,12786.6,6393.3,3.996666667,4.8,0.02557994,Robyn Powell,y
302887-2,Ulmus glabra Huds.,Ulmus glabra,Huds.,Ulmus glabra,Ulmus,glabra,,MSB,945567,,Petroselinum,GPB3%PVPBmet,141.7033333,973.44,0.66,0.33,640.65,320.33,6.386666667,1.98,0.135170263,Robyn Powell,
812676-1,Veronica spicata L.,Veronica spicata,L.,Veronica spicata,Veronica,spicata,,MSB,111425,,Petroselinum,GPB3%PVPBmet,229.5266667,309.9633333,3.33,1.67,3258.92,1629.46,4.223333333,2.79,0.007505553,Robyn Powell,
326265-2,Viburnum lantana L.,Viburnum lantana,L.,Viburnum lantana,Viburnum,lantana,,MSB,1001716,,Petroselinum,GPB3%PVPBmet,267.0633333,125.4233333,9.58,4.79,9371.03,4685.51,3.48,3.646666667,0.004725816,Arezoo Dastpak,
524590-1,Vicia bithynica (L.) L.,Vicia bithynica,(L.) L.,Vicia bithynica,Vicia,bithynica,,MSB,145183,,Petroselinum,GPB3%PVPBmet,356.4266667,205.0333333,7.82,3.91,7650.63,3825.31,3.856666667,2.986666667,0.007371115,Robyn Powell,
30263827-2,Vicia cracca L.,Vicia cracca,L.,Vicia cracca,Vicia,cracca,,MSB,893141,,Petroselinum,GPB3%PVPBmet,594.5433333,228.2733333,11.72,5.86,11462.51,5731.25,2.093333333,1.906666667,0.002309401,Robyn Powell,
869126-1,Viola riviniana Rchb.,Viola riviniana,Rchb.,Viola riviniana,Viola,riviniana,,MSB,901587,,Petroselinum,GPB3%PVPBmet,209.2566667,323.89,2.91,1.45,2843.37,1421.68,4.09,2.33,0.022649503,Robyn Powell,
869295-1,Viola stagnina Kit.,Viola stagnina,Kit.,Viola persicifolia,Viola,persicifolia,,MSB,635257,,Petroselinum,GPB3%PVPBmet,154.0466667,471.8733333,1.47,0.73,1436.74,718.37,3.956666667,1.913333333,0.051855569,Robyn Powell,y
325030-2,Adiantum capillus-veneris L.,Adiantum capillus-veneris,L.,Adiantum capillus-veneris,Adiantum,capillus-veneris,,Offsite,MC9022,,Petroselinum,Ebihara,595.39,226.81,11.81,5.91,11552.89,5776.45,3.6,2.913333333,0.065896383,Sahr Mian,
813521-1,Ailanthus altissima (Mill.) Swingle,Ailanthus altissima,(Mill.) Swingle,Ailanthus altissima,Ailanthus,altissima,,Offsite,MC9059,,Petroselinum,GPB3%PVPBmet,314.13,589.73,2.4,1.2,2344.27,1172.13,2.786666667,2.763333333,0.023180452,Sahr Mian ,
30179231-2,Cakile maritima Scop.,Cakile maritima,Scop.,Cakile maritima,Cakile,maritima,,Offsite,MC9048,,Petroselinum,GPB3%PVPBmet,247.8466667,643.2866667,1.73,0.87,1695.63,847.81,2.993333333,1.75,0.070500591,Sahr Mian ,
192489-1,Chamaemelum nobile (L.) All.,Chamaemelum nobile,(L.) All.,Chamaemelum nobile,Chamaemelum,nobile,,Offsite,MC9042,,Petroselinum,GPB3%PVPBmet,507.8133333,231.8333333,9.86,4.93,9640.06,4820.03,2.376666667,2.346666667,0.013576941,Sahr Mian,
725399-1,Geum urbanum L.,Geum urbanum,L.,Geum urbanum,Geum,urbanum,,Offsite,MC9055,,Petroselinum,GPB3%PVPBmet,301.2966667,412.6866667,3.29,1.64,3213.11,1606.55,3.063333333,2.623333333,0.021501938,Sahr Mian ,
123530-2,Holcus mollis L.,Holcus mollis,L.,Holcus mollis,Holcus,mollis,,Offsite,MC9010,,Petroselinum,GPB3%PVPBmet,536.03,316.3,7.63,3.81,7458.32,3729.16,2.376666667,2.716666667,0.004725816,Sahr Mian,
154821-1,Honckenya peploides (L.) Ehrh.,Honckenya peploides,(L.) Ehrh.,Honckenya peploides,Honckenya,peploides,,Offsite,MC9049,,Petroselinum,GPB3%PVPBmet,538.1133333,288.3366667,8.4,4.2,8213.44,4106.72,2.28,2.043333333,0.006,Sahr Mian,
30208246-2,Impatiens noli-tangere L.,Impatiens noli-tangere,L.,Impatiens noli-tangere,Impatiens,noli-tangere,,Offsite,MC9004,,Petroselinum,GPB3%PVPBmet,271.15,794.45,1.54,0.77,1502.08,751.04,3.35,2.36,0.081592483,Sahr Mian ,
325777-2,Linaria vulgaris Mill.,Linaria vulgaris,Mill.,Linaria vulgaris,Linaria,vulgaris,,Offsite,MC9063,,Petroselinum,GPB3%PVPBmet,209.5633333,489.5533333,1.93,0.96,1883.94,941.97,2.79,2.43,0.031564748,Sahr Mian ,
352179-1,Mercurialis annua L.,Mercurialis annua,L.,Mercurialis annua,Mercurialis,annua,,Offsite,MC9051,,Petroselinum,OXPRO,192.62,613.08,1.41,0.71,1382.72,691.36,3.973333333,2.68,0.09250045,Sahr Mian ,
510168-1,Onobrychis viciifolia Scop.,Onobrychis viciifolia,Scop.,Onobrychis viciifolia,Onobrychis,viciifolia,,Offsite,MC9058,,Petroselinum,GPB3%PVPBmet,310.11,478.9833333,2.91,1.46,2849.36,1424.68,3,1.896666667,0.00781025,Sahr Mian ,
510480-1,Ononis repens L.,Ononis repens,L.,Ononis repens,Ononis,repens,,Offsite,MC9001,,Petroselinum,GPB3%PVPBmet,292.9166667,460.98,2.86,1.43,2796.49,1398.25,3.123333333,2.1,0.012220202,Sahr Mian ,
321285-2,Plantago lanceolata L.,Plantago lanceolata,L.,Plantago lanceolata,Plantago,lanceolata,,Offsite,MC9062,,Petroselinum,GPB3%PVPBmet,330.0033333,508.2033333,2.92,1.46,2857.8,1428.9,2.103333333,1.996666667,0.010503968,Sahr Mian ,
727641-1,Potentilla anserina L.,Potentilla anserina,L.,Potentilla anserina,Potentilla,anserina,,Offsite,MC9040,,Petroselinum,GPB3%PVPBmet,215.99,869.88,1.12,0.56,1092.76,546.38,2.556666667,1.573333333,0.040853396,Sahr Mian ,
60445945-2,Pulicaria dysenterica (L.) Bernh.,Pulicaria dysenterica,(L.) Bernh.,Pulicaria dysenterica,Pulicaria,dysenterica,,Offsite,MC9039,,Petroselinum,GPB3%PVPBmet,199.9366667,410.6233333,2.19,1.1,2142.89,1071.45,3.023333333,2.726666667,0.019035055,Sahr Mian ,
435655-1,Reynoutria japonica Houtt.,Reynoutria japonica,Houtt.,Fallopia japonica,Fallopia,japonica,,Offsite,MC9047,,Petroselinum,GPB3%PVPBmet,659.5166667,298.89,9.93,4.96,9711.04,4855.52,3.123333333,3.116666667,0.046971623,Sahr Mian,y
310740-2,Rumex sanguineus L.,Rumex sanguineus,L.,Rumex sanguineus,Rumex,sanguineus,,Offsite,MC9056,,Petroselinum,OXPRO,214.0466667,545.7133333,1.77,0.88,1726.22,863.11,3.376666667,2.616666667,0.053153865,Sahr Mian ,
285213-2,Solanum dulcamara L.,Solanum dulcamara,L.,Solanum dulcamara,Solanum,dulcamara,,Offsite,MC9032,,Petroselinum,GPB3%PVPBmet,331.8366667,603.8033333,2.47,1.24,2418.69,1209.35,2.62,2.08,0.013012814,Sahr Mian ,
459820-1,Stachys palustris L.,Stachys palustris,L.,Stachys palustris,Stachys,palustris,,Offsite,MC9034,,Petroselinum,GPB3%PVPBmet,328.0933333,419.4366667,3.52,1.76,3442.57,1721.28,2.6,2.02,0.018330303,Sahr Mian ,
159330-1,Stellaria media (L.) Vill.,Stellaria media,(L.) Vill.,Stellaria media,Stellaria,media,,Offsite,MC9027,,Petroselinum,GPB3%PVPBmet,297.85,577.42,2.32,1.16,2270.16,1135.08,3.233333333,2.603333333,0.018330303,Sahr Mian ,
318926-1,Tamus communis L.,Tamus communis,L.,Dioscorea communis,Dioscorea,communis,,Offsite,MC9045,,Petroselinum,Ebihara,309.1633333,527.3233333,2.64,1.32,2580.25,1290.13,4.67,3.173333333,0.419731263,Sahr Mian ,y
252568-1,Tanacetum vulgare L.,Tanacetum vulgare,L.,Tanacetum vulgare,Tanacetum,vulgare,,Offsite,MC9065,,Petroselinum,GPB3%PVPBmet,571.52,247.2266667,10.4,5.2,10173.9,5086.95,1.896666667,2.353333333,0.02557994,Sahr Mian,
260630-2,Urtica dioica L.,Urtica dioica,L.,Urtica dioica,Urtica,dioica,,Offsite,MC9012,,Petroselinum,GPB3%PVPBmet,313.8533333,576.0766667,2.45,1.23,2397.72,1198.86,3.23,2.873333333,0.018330303,Sahr Mian ,
811804-1,Veronica chamaedrys L.,Veronica chamaedrys,L.,Veronica chamaedrys,Veronica,chamaedrys,,Offsite,MC9028,,Petroselinum,GPB3%PVPBmet,308.3566667,356.8866667,3.89,1.94,3802.55,1901.27,2.216666667,1.773333333,0.018330303,Sahr Mian ,
19793-2,Armeria maritima (Mill.) Willd.,Armeria maritima,(Mill.) Willd.,Armeria maritima,Armeria,maritima,,RBGE,ZAG1882,,Petroselinum,GPB3%PVPBmet,416.77,202.83,9.25,4.62,9043.06,4521.53,2.526666667,2.81,0.006027714,Sahr Mian,
271661-1,Cornus sanguinea L.,Cornus sanguinea,L.,Cornus sanguinea,Cornus,sanguinea,,RBGE,ZAG1901,,Petroselinum,GPB3%PVPBmet,232.62,401.6666667,2.61,1.3,2548.78,1274.39,3.526666667,2.453333333,0.01040833,Sahr Mian ,
60438187-2,Erodium maritimum (L.) L'Hér.,Erodium maritimum,(L.) L'Hér.,Erodium maritimum,Erodium,maritimum,,RBGE,ZAG1904,,Petroselinum,GPB3%PVPBmet,195.1633333,464.01,1.89,0.95,1851.07,925.53,3.296666667,2.396666667,0.027934447,Sahr Mian ,
609009-1,Fraxinus excelsior L.,Fraxinus excelsior,L.,Fraxinus excelsior,Fraxinus,excelsior,,RBGE,ZAG1918,,Petroselinum,GPB3%PVPBmet,220.9866667,535.13,1.86,0.93,1817.43,908.72,2.236666667,1.933333333,0.029501412,Sahr Mian ,
323851-1,Hippophae rhamnoides L.,Hippophae rhamnoides,L.,Hippophae rhamnoides,Hippophae,rhamnoides,,RBGE,ZAG1873,,Petroselinum,GPB3%PVPBmet,307.6433333,463.53,2.99,1.49,2920.93,1460.46,3.873333333,2.246666667,0.021501938,Sahr Mian ,
610130-1,Ligustrum vulgare L.,Ligustrum vulgare,L.,Ligustrum vulgare,Ligustrum,vulgare,,RBGE,ZAG1893,,Petroselinum,GPB3%PVPBmet,378.2366667,497.6433333,3.42,1.71,3345.01,1672.5,2.643333333,1.943333333,0.00305505,Sahr Mian ,
140689-2,Linnaea borealis L.,Linnaea borealis,L.,Linnea borealis,Linnea,borealis,,RBGE,ZAG1906,,Petroselinum,GPB3%PVPBmet,253.5566667,569.5866667,2,1,1959.15,979.57,2.676666667,1.666666667,0.026689573,Sahr Mian ,
30179739-2,Lotus corniculatus L.,Lotus corniculatus,L.,Lotus corniculatus,Lotus,corniculatus,,RBGE,ZAG1884,,Petroselinum,GPB3%PVPBmet,403.2666667,665.9266667,2.73,1.36,2665.12,1332.56,2.65,1.79,0.012897028,Sahr Mian ,
805739-1,Melampyrum sylvaticum L.,Melampyrum sylvaticum,L.,Melampyrum sylvaticum,Melampyrum,sylvaticum,,RBGE,ZAG1908,,Petroselinum,GPB3%PVPBmet,575.3933333,338.9833333,7.64,3.82,7470.3,3735.15,1.816666667,1.89,0.007767453,Sahr Mian,
321285-2,Plantago lanceolata L.,Plantago lanceolata,L.,Plantago lanceolata,Plantago,lanceolata,,RBGE,ZAG1899,,Petroselinum,GPB3%PVPBmet,285.74,437.05,2.94,1.47,2877.34,1438.67,2.486666667,2.1,0.010016653,Sahr Mian ,
455176-1,Prunella vulgaris L.,Prunella vulgaris,L.,Prunella vulgaris,Prunella,vulgaris,,RBGE,ZAG1917,,Petroselinum,GPB3%PVPBmet,143.7766667,447.9833333,1.44,0.72,1412.47,706.23,3.19,2.236666667,0.021794495,Sahr Mian ,
359961-1,Quercus petraea (Matt.) Liebl.,Quercus petraea,(Matt.) Liebl.,Quercus petraea,Quercus,petraea,,RBGE,ZAG1902,,Petroselinum,GPB3%PVPBmet,182.0666667,405.3166667,2.02,1.01,1976.91,988.46,2.966666667,2.566666667,0.020008332,Sahr Mian ,
30041728-2,Saxifraga oppositifolia L.,Saxifraga oppositifolia,L.,Saxifraga oppositifolia,Saxifraga,oppositifolia,,RBGE,ZAG1881,,Petroselinum,GPB3%PVPBmet,332.5633333,475.16,3.15,1.57,3080.25,1540.12,4.296666667,2.95,0.016502525,Sahr Mian ,
306789-2,Trollius europaeus L.,Trollius europaeus,L.,Trollius europaeus,Trollius,europaeus,,RBGE,ZAG1888,,Petroselinum,GPB3%PVPBmet,655.3433333,295.9,9.97,4.98,9747.1,4873.55,1.983333333,1.943333333,0.006027714,Sahr Mian,
60445154-2,Aponogeton distachyos L.,Aponogeton distachyos,L.,Aponogeton distachyos,Aponogeton,distachyos,,RBGK,MC9067,,Petroselinum,GPB3%PVPBmet,579.6733333,246.26,10.59,5.3,10359.55,5179.77,2.476666667,2.59,0.02510644,Sahr Mian,
58290-1,Butomus umbellatus L.,Butomus umbellatus,L.,Butomus umbellatus,Butomus,umbellatus,,RBGK,MC9069,,Petroselinum,GPB3%PVPBmet,426.7966667,220.8966667,8.69,4.35,8503.22,4251.61,2.266666667,2.763333333,0.009165151,Sahr Mian,
370207-1,Nymphoides peltata Kuntze,Nymphoides peltata,Kuntze,Nymphoides peltata,Nymphoides,peltata,,RBGK,MC9066,,Petroselinum,GPB3%PVPBmet,221.41,564.6433333,1.76,0.88,1725.74,862.87,2.726666667,2.266666667,0.03256276,Sahr Mian ,
283610-2,Pontederia cordata L.,Pontederia cordata,L.,Pontederia cordata,Pontederia,cordata,,RBGK,MC9068,,Petroselinum,GPB3%PVPBmet,192.57,619.57,1.4,0.7,1367.89,683.94,2.7,2.436666667,0.055193599,Sahr Mian ,
1019162-1,Schoenoplectus lacustris (L.) Palla,Schoenoplectus lacustris,(L.) Palla,Schoenoplectus lacustris,Schoenoplectus,lacustris,,RBGK,MC9070,,Petroselinum,GPB3%PVPBmet,185.4566667,624.7433333,1.34,0.67,1306.45,653.22,2.973333333,2.216666667,0.068573561,Sahr Mian ,
164046-1,Atriplex pedunculata L.,Atriplex pedunculata,L.,Atriplex pedunculata,Atriplex,pedunculata,,,PaulFletcher.field,,Petroselinum,GPB3%PVPBmet,193.9333333,652.58,1.34,0.67,1307.89,653.94,3.236666667,1.683333333,0.049571497,Robyn Powell,
189106-1,Carduus tenuiflorus Curtis,Carduus tenuiflorus,Curtis,Carduus tenuiflorus,Carduus,tenuiflorus,Curtis,,739904,524,Petroselinum,GPB3%PVPBmet,,,7.1,3.55,6943.8,3471.9,3.01,3.05,0.03,Paul Eguia,
17092290-1,Dryopteris aemula (Aiton) Kuntze,Dryopteris aemula,(Aiton) Kuntze,Dryopteris aemula,Dryopteris,aemula,(Aiton) Kuntze,,DTOL_2019-1,1081,Petroselinum,Ebihara,479.34,131.35,16.42,8.21,16058.76,8029.38,2.58,1.92,0.03,Robyn Powell ,
368687-1,Gentiana pneumonanthe L.,Gentiana pneumonanthe,L.,Gentiana pneumonanthe,Gentiana,pneumonanthe,,,970923,,Petroselinum,GPB3%PVPBmet,692.0933,196.9567,15.81,7.91,15464.84,7732.42,2.186667,2.183333,0.003464102,Lauren Marie Pollitt,
369094-1,Gentiana verna L.,Gentiana verna,L.,Gentiana verna,Gentiana,pneumonanthe,,,52685,,Petroselinum,GPB3%PVPBmet,351.4133,285.8467,5.53,2.77,5410.49,2705.24,1.983333,3.95,0.009237604,Lauren Marie Pollitt,
404141-1,Glyceria maxima (Hartm.) Holumb.,Glyceria maxima,(Hartm.) Holumb.,Glyceria maxima,Glyceria,maxima,(Hartm.) Holmb.,,131597,1463,Petroselinum,GPB3%PVPBmet,,,8.63,4.32,8440.14,4224.96,4.04,4.14,0.06,Paul Eguia,
60437219-2,Glyceria notata Chevall.,Glyceria notata,Chevall.,Glyceria notata,Glyceria,notata,Chevall.,,934086,4634,Petroselinum,GPB3%PVPBmet,,,2.68,1.34,2621.04,1310.52,3.98,3.44,0.01,Paul Eguia,
309238-1,Isolepis cernua (Vahl) Roem. & Schult.,Isolepis cernua,(Vahl) Roem. & Schult.,Isolepis cernua,Isolepis,cernua,,,IL field coll.,,Petroselinum,GPB3%PVPBmet,157.8,351.43,2.02,1.01,1976.15,988.07,4.363333333,2.146666667,0.100061648,Robyn Powell,
442961-1,Juncus filiformis L.,Juncus filiformis,L.,Juncus filiformis,Juncus,filiformis,,,911234,,Petroselinum,GPB3%PVPBmet,190.96,736.0133333,1.17,0.58,1141.85,570.92,4.13,2.786666667,0.041765217,Arezoo Dastpak,
406739-1,Koeleria vallesiana (Honck.) Gaudin,Koeleria vallesiana,(Honck.) Gaudin,Koeleria vallesiana,Koeleria,vallesiana,(Honck.) Gaudin,,960014,1959,Petroselinum,GPB3%PVPBmet,,,12.53,6.27,12254.34,6132.06,3.3,3.84,0.19,Paul Eguia,
502035-1,Lathyrus sylvestris L.,Lathyrus sylvestris,L.,Lathyrus sylvestris,Lathyrus,sylvestris,,,Leitch field,,Petroselinum,GPB3%PVPBmet,598.0066667,128.11,21.01,10.5,20543.5,10271.75,2.323333333,3.846666667,0.121919372,Robyn Powell,
229484-1,Leontodon saxatilis Lam.,Leontodon saxatilis,Lam.,Leontodon saxatilis,Leontodon,saxatilis,Lam.,,120739,2030,Petroselinum,GPB3%PVPBmet,,,1.45,0.73,1418.1,713.94,4.74,2.61,0.04,Paul Eguia,
304307-2,Lycopodium clavatum L.,Lycopodium clavatum,L.,Lycopodium clavatum,Lycopodium,clavatum,L.,,DTOL4,2179,Petroselinum,GPB3%PVPBmet,275.24,199.58,6.21,3.1,6073.38,3031.8,3.65,4.57,0.007,Robyn Powell ,
179551-2,Oxytropis campestris (L.) DC.,Oxytropis campestris,(L.) DC.,Oxytropis campestris,Oxytropis,campestris,,,550321,,Petroselinum,GPB3%PVPBmet,422.4633,208.15,9.13,4.57,8932.31,4466.16,2.88,3.516667,0.006658328,Lauren Marie Pollitt,
415780-1,Phleum arenarium L.,Phleum arenarium,L.,Phleum arenarium,Phleum,arenarium,L.,,939416,2543,Petroselinum,GPB3%PVPBmet,,,3.16,1.58,3090.48,1545.24,4.73,4.12,0.02,Paul Eguia,
417221-1,Poa humilis Ehrh. ex Hoffm.,Poa humilis,Ehrh. ex Hoffm.,Poa humilis,Poa,humilis,Ehrh. ex Hoffm.,,140982,2640,Petroselinum,GPB3%PVPBmet,,,12.26,6.13,11990.28,5995.14,3.29,3.72,0.2,Paul Eguia,
1026660-2,Puccinellia distans (Jacq.) Parl.,Puccinellia distans,(Jacq.) Parl.,Puccinellia distans,Puccinellia,distans,(Jacq.) Parl.,,894045,2768,Petroselinum,GPB3%PVPBmet,,,8.37,4.19,8185.86,4097.82,3.44,3.06,0.05,Paul Eguia,
419097-1,Puccinellia maritima (Huds.) Parl.,Puccinellia maritima,(Huds.) Parl.,Puccinellia maritima,Puccinellia,maritima,(Huds.) Parl.,,9715,2772,Petroselinum,GPB3%PVPBmet,,,10.36,5.18,10132.08,5066.04,3.52,4.09,0.12,Paul Eguia,
697469-1,Rumex rupestris Le Gall,Rumex rupestris,Le Gall,Rumex rupestris,Rumex,rupestris,,,IL field coll.,,Petroselinum,GPB3%PVPBmet,183.8733333,419.4766667,1.97,0.99,1929.13,964.57,3.46,2.26,0.053538148,Robyn Powell,
522934-1,Trifolium bocconei Savi,Trifolium bocconei,Savi,Trifolium bocconei ,Trifolium,bocconei,,,31804,,Petroselinum,GPB3%PVPBmet,230.6433,573.71,1.81,0.9,1769.29,884.65,4.553333,2.21,0.048675798,Lauren Marie Pollitt,
523465-1,Trifolium ochroleucon Huds.,Trifolium ochroleucon,Huds.,Trifolium ochroleucon,Trifolium,ochroleucon,,,31549,,Petroselinum,GPB3%PVPBmet,164.3733,616.29,1.2,0.6,1173.81,586.9,4.823333,1.736667,0.104241706,Lauren Marie Pollitt,
20010350-1,Trifolium ornithopodioides L.,Trifolium ornithopodioides,L.,Trifolium ornithopodioides,Trifolium,ornithopodioides,,,7559,,Petroselinum,GPB3%PVPBmet,218.98,559.6267,1.76,0.88,1722.1,861.05,4.053333,2.206667,0.04285246,Lauren Marie Pollitt,
523764-1,Trifolium suffocatum L.,Trifolium suffocatum,L.,Trifolium suffocatum,Trifolium,suffocatum,,,55479,,Petroselinum,GPB3%PVPBmet,184.28,725.71,1.14,0.57,1117.55,558.77,4.746667,1.583333,0.045431267,Lauren Marie Pollitt,
524331-1,Ulex minor Roth.,Ulex minor,Roth.,Ulex minor,Ulex,minor,,,Lauren.Pollitt.field.collection,,Petroselinum,GPB3%PVPBmet,341.1333,226.8467,6.77,3.38,6621.06,3305.64,3.51,4.04,0.021,Lauren Marie Pollitt,
177259-1,Anthemis cotula L.,Anthemis cotula,L.,Anthemis cotula,Anthemis,cotula,,MSB,897208,,Pisum,GPB3%PVPBmet,166.24,202.8733333,7.45,3.72,7284.73,3642.36,3.58,2.256666667,0.002645751,Robyn Powell,
191100-1,Centaurea nigra L.,Centaurea nigra,L.,Centaurea nigra,Centaurea,nigra,,MSB,895097,,Pisum,GPB3%PVPBmet,199.3866667,413.71,4.38,2.19,4284.53,2142.26,3.233333333,2.376666667,0.022898326,Robyn Powell,
345568-1,Euphorbia amygdaloides L.,Euphorbia amygdaloides,L.,Euphorbia amygdaloides,Euphorbia,amygdaloides,,MSB,120935,,Pisum,GPB3%PVPBmet,217.63,269.5933333,7.34,3.67,7176.49,3588.25,3.936666667,1.45,0.006658328,Robyn Powell,
77068283-1,Gentianella campestris (L.) Börner,Gentianella campestris,(L.) Börner,Gentianella campestris,Gentianella,campestris,,MSB,898010,,Pisum,GPB3%PVPBmet,165.4,916.1366667,1.64,0.82,1605.01,802.51,6.953333333,4.223333333,0.182638988,Robyn Powell,
77177309-1,Juncus alpinoarticulatus Chaix,Juncus alpinoarticulatus,Chaix,Juncus alpinoarticulatus,Juncus,alpinoarticulatus,,MSB,945224,,Pisum,GPB3%PVPBmet,177.5466667,401.13,4.02,2.01,3934.87,1967.43,3.13,2.373333333,0.041036569,Robyn Powell,
77177309-1,Juncus alpinoarticulatus Chaix,Juncus alpinoarticulatus,Chaix,Juncus alpinoarticulatus,Juncus,alpinoarticulatus,,MSB,945235,,Pisum,GPB3%PVPBmet,157.2133333,352.34,4.06,2.03,3966.71,1983.35,2.94,2.343333333,0.025540817,Robyn Powell,
501579-1,Lathyrus aphaca L.,Lathyrus aphaca,L.,Lathyrus aphaca,Lathyrus,aphaca,,MSB,112237,,Pisum,GPB3%PVPBmet,256.5166667,226.4866667,10.3,5.15,10068.75,5034.38,1.603333333,1.74,0.001,Robyn Powell,
30381438-2,Lathyrus japonicus Willd.,Lathyrus japonicus,Willd.,Lathyrus japonicus,Lathyrus,japonicus,,MSB,735065,,Pisum,GPB3%PVPBmet,246.07,176.45,12.68,6.34,12397.66,6198.83,2.803333333,2.72,0.003511885,Robyn Powell,
149006-1,Lonicera periclymenum L.,Lonicera periclymenum,L.,Lonicera periclymenum,Lonicera,periclymenum,,MSB,890324,,Pisum,GPB3%PVPBmet,233.5233333,335.0733333,6.34,3.17,6195.74,3097.87,5.096666667,1.496666667,0.005131601,Robyn Powell,
77100386-1,Lysimachia arvensis (L.) U. Manns & Anderb.,Lysimachia arvensis,(L.) U. Manns & Anderb.,Lysimachia arvensis,Lysimachia,arvensis,,MSB,903673,,Pisum,GPB3%PVPBmet,171.55,574.25,2.72,1.36,2655.78,1327.89,4.253333333,1.513333333,0.04327817,Robyn Powell,
805620-1,Melampyrum arvense L.,Melampyrum arvense,L.,Melampyrum arvense,Melampyrum,arvense,,MSB,92911,,Pisum,GPB3%PVPBmet,323.66,190.72,15.43,7.71,15086.74,7543.37,2.666666667,4.16,0.022590558,Robyn Powell,
694858-1,Oxyria digyna (L.) Hill,Oxyria digyna,(L.) Hill,Oxyria digyna,Oxyria,digyna,,MSB,891077,,Pisum,GPB3%PVPBmet,160.87,484.1366667,3.02,1.51,2954,1477,3.296666667,2.036666667,0.005,Robyn Powell,
320036-2,Poa alpina L.,Poa alpina,L.,Poa alpina,Poa,alpina,,MSB,944537,,Pisum,GPB3%PVPBmet,317.71,359.67,8.03,4.01,7852.89,3926.44,2.9,1.786666667,0.010535654,Robyn Powell,
712079-1,Pulsatilla vulgaris Mill.,Pulsatilla vulgaris,Mill.,Pulsatilla vulgaris,Pulsatilla,vulgaris,,MSB,1044294,,Pisum,GPB3%PVPBmet,483.8433333,162.0366667,27.14,13.57,26545.7,13272.85,2.74,2.58,0.016165808,Sahr Mian ,
440703-1,Romulea columnae Sebast. & Mauri,Romulea columnae,Sebast. & Mauri,Romulea columnae,Romulea,columnae,,MSB,95509,,Pisum,GPB3%PVPBmet,125.83,373.1733333,3.07,1.53,2997.62,1498.81,2.936666667,1.706666667,0.033778692,Robyn Powell,
30021527-2,Samolus valerandi L.,Samolus valerandi,L.,Samolus valerandi,Samolus,valerandi,,MSB,891077,,Pisum,GPB3%PVPBmet,110.3633333,694.6766667,1.44,0.72,1412.36,706.18,5.003333333,2.636666667,0.072569507,Robyn Powell,
848930-1,Sison segetum L.,Sison segetum,L.,Petroselinum segetum,Petroselinum,segetum,,MSB,959050,,Pisum,GPB3%PVPBmet,160.7666667,453.99,3.22,1.61,3148.13,1574.06,3.553333333,2.76,0.079699435,Robyn Powell,y
848930-1,Sison segetum L.,Sison segetum,L.,Petroselinum segetum,Petroselinum,segetum,,MSB,1004050,,Pisum,GPB3%PVPBmet,153.81,478.21,2.92,1.46,2859.36,1429.68,3.83,3.04,0,Robyn Powell,y
30320466-2,Taraxacum palustre (Lyons) Symons,Taraxacum palustre,(Lyons) Symons,Taraxacum palustre,Taraxacum,palustre,,MSB,933779,,Pisum,GPB3%PVPBmet,176.35,365.5833333,4.38,2.19,4288.37,2144.18,3.356666667,2.67,0.022,Robyn Powell,
306036-2,Taxus baccata L.,Taxus baccata,L.,Taxus baccata,Taxus,baccata,,MSB,865223,,Pisum,GPB3%PVPBmet,284.0166667,195.4766667,13.21,6.6,12916.7,6458.35,2.07,3.766666667,0.001,Robyn Powell,
849502-1,Torilis arvensis (Huds.) Link,Torilis arvensis,(Huds.) Link,Torilis arvensis,Torilis,arvensis,,MSB,1004027,,Pisum,GPB3%PVPBmet,414.94,193.64,19.48,9.74,19049.91,9524.96,4.62,3.59,0.005686241,Robyn Powell,
840827-1,Crithmum maritimum L.,Crithmum maritimum,L.,Crithmum maritimum,Crithmum,maritimum,,Offsite,M9050,,Pisum,GPB3%PVPBmet,329.28,586.2466667,5.11,2.55,4993.3,2496.65,2.9,2.16,0.015631165,Sahr Mian,
205581-1,Eupatorium cannabinum L.,Eupatorium cannabinum,L.,Eupatorium cannabinum,Eupatorium,cannabinum,,Offsite,MC9025,,Pisum,GPB3%PVPBmet,367.2566667,608.2733333,5.49,2.74,5367.52,2683.76,3.463333333,2.716666667,0.04327817,Sahr Mian,
303502-2,Humulus lupulus L.,Humulus lupulus,L.,Humulus lupulus,Humulus,lupulus,,Offsite,MC9035,,Pisum,GPB3%PVPBmet,278.2,431.3166667,5.86,2.93,5734.08,2867.04,2.74,2.286666667,0.019313208,Sahr Mian,
233981-1,Mycelis muralis (L.) Dumort.,Mycelis muralis,(L.) Dumort.,Mycelis muralis,Mycelis,muralis,,Offsite,MC9060,,Pisum,GPB3%PVPBmet,294.7366667,669.9933333,4,2,3910.81,1955.4,2.87,2.393333333,0.032787193,Sahr Mian,
697202-1,Rumex hydrolapathum Huds.,Rumex hydrolapathum,Huds.,Rumex hydrolapathus,Rumex,hydrolapathus,,Offsite,MC9036,,Pisum,GPB3%PVPBmet,393.84,286.2933333,12.5,6.25,12229.57,6114.79,2.836666667,2.526666667,0.017559423,Sahr Mian ,
30263827-2,Vicia cracca L.,Vicia cracca,L.,Vicia cracca,Vicia,cracca,,Offsite,MC9033,,Pisum,GPB3%PVPBmet,692.6466667,357.46,17.61,8.81,17226.1,8613.05,2.376666667,2.12,0.016165808,Sahr Mian ,
30045965-2,Athyrium distentifolium Tausch ex Opiz,Athyrium distentifolium,Tausch ex Opiz,Athyrium distentifolium,Athyrium,distentifolium,,RBGE,ZAG1896,,Pisum,Ebihara,540.0633333,310.3833333,15.82,7.91,15468.53,7734.26,3.276666667,2.333333333,0,Sahr Mian ,
30079143-2,Blechnum spicant (L.) Roth,Blechnum spicant,(L.) Roth,Blechnum spicant,Blechnum,spicant,,RBGE,ZAG1890,,Pisum,GPB3%PVPBmet,645.88,388.4766667,15.11,7.56,14780.52,7390.26,3.343333333,2.363333333,0.010440307,Sahr Mian ,
393294-1,Briza media L.,Briza media,L.,Briza media,Briza,media,,RBGE,ZAG1885,,Pisum,GPB3%PVPBmet,390.6566667,528.96,6.71,3.36,6565.61,3282.81,1.69,1.603333333,0.006027714,Sahr Mian,
194423-1,Cicerbita alpina (L.) Wallr.,Cicerbita alpina,(L.) Wallr.,Cicerbita alpina,Cicerbita,alpina,,RBGE,ZAG1907,,Pisum,GPB3%PVPBmet,409.53,310.2666667,12,6,11734.2,5867.1,2.433333333,2.246666667,0,Sahr Mian ,
397531-1,Danthonia decumbens (L.) DC.,Danthonia decumbens,(L.) DC.,Danthonia decumbens,Danthonia,decumbens,,RBGE,ZAG1883,,Pisum,GPB3%PVPBmet,287.0166667,568.0366667,4.59,2.3,4491.94,2245.97,2.676666667,1.6,0.02055075,Sahr Mian,
169032-1,Helianthemum nummularium (L.) Mill.,Helianthemum nummularium,(L.) Mill.,Helianthemum nummularium,Helianthemum,nummularium,,RBGE,ZAG1880,,Pisum,GPB3%PVPBmet,426.5033333,597.46,6.49,3.24,6346.24,3173.12,2.17,1.793333333,0.00450925,Sahr Mian,
438992-1,Iris pseudacorus L.,Iris pseudacorus,L.,Iris pseudacorus,Iris,pseudacorus,,RBGE,ZAG1877,,Pisum,GPB3%PVPBmet,535.5033333,400.6733333,12.15,6.07,11881.59,5940.79,2.326666667,2.01,0.010440307,Sahr Mian ,
30381438-2,Lathyrus japonicus Willd.,Lathyrus japonicus,Willd.,Lathyrus japonicus,Lathyrus,japonicus,,RBGE,ZAG1905,,Pisum,GPB3%PVPBmet,460.1033333,326.8966667,12.79,6.4,12512.6,6256.3,1.843333333,1.896666667,0.006506407,Sahr Mian ,
304307-2,Lycopodium clavatum L.,Lycopodium clavatum,L.,Lycopodium clavatum,Lycopodium,clavatum,,RBGE,ZAG1887,,Pisum,OXPRO,339.8166667,527.6466667,5.85,2.93,5725.38,2862.69,3.12,1.59,0.021126603,Sahr Mian,
30012601-2,Oxalis acetosella L.,Oxalis acetosella,L.,Oxalis acetosella,Oxalis,acetosella,,RBGE,ZAG1879,,Pisum,GPB3%PVPBmet,355.1066667,565.0266667,5.71,2.86,5587.18,2793.59,2.79,1.736666667,0.008621678,Sahr Mian,
17210060-1,Pteridium aquilinum (L.) Kuhn,Pteridium aquilinum,(L.) Kuhn,Pteridium aquilinum,Pteridium,aquilinum,,RBGE,ZAG1875,,Pisum,GPB3%PVPBmet,498.8833333,263.6566667,17.2,8.6,16821.43,8410.72,3.406666667,2.363333333,0.010440307,Sahr Mian ,
320331-1,Succisa pratensis Moench,Succisa pratensis,Moench,Succisa pratensis,Succisa,pratensis,,RBGE,ZAG1903,,Pisum,GPB3%PVPBmet,240.9566667,393.6466667,5.56,2.78,5441.71,2720.85,2.906666667,1.976666667,0.004358899,Sahr Mian,
302887-2,Ulmus glabra Huds.,Ulmus glabra,Huds.,Ulmus glabra,Ulmus,glabra,,RBGE,ZAG1897,,Pisum,GPB3%PVPBmet,308.69,652.4233333,4.3,2.15,4206.26,2103.13,2.566666667,2,0.004358899,Sahr Mian,
385626-1,Agrostis curtisii Kerguélen,Agrostis curtisii,Kerguélen,Agrostis curtisii,Agrostis,curtisii,Kerguélen,,30380,59,Pisum,GPB3%PVPBmet,,,4.96,2.48,4850.88,2425.44,5.61,4.19,,Paul Eguia,
24418-2,Astragalus alpinus L.,Astragalus alpinus,L.,Astragalus alpinus,Astragalus,alpinus,,,177032,,Pisum,GPB3%PVPBmet,194.6367,444.19,3.98,1.99,3895.46,1947.73,4.256667,1.9,0.014433757,Lauren Marie Pollitt,
477044-1,Astragalus danicus Retz.,Astragalus danicus,Retz.,Astragalus danicus,Astragalus,danicus,,,695253,,Pisum,GPB3%PVPBmet,134.2,952.7167,1.28,0.64,1252.25,626.13,5.043333,1.19,0.105196641,Lauren Marie Pollitt,
393422-1,Bromopsis erecta (Huds.) Fourr.,Bromopsis erecta,(Huds.) Fourr.,Bromopsis erecta,Bromopsis,erecta,(Huds.) Fourr.,,49638,417,Pisum,LB01,,,21.76,10.88,21281.28,10640.64,3.8,3.83,0.23,Paul Eguia,
393463-1,Bromopsis ramosa (Huds.) Holub,Bromopsis ramosa,(Huds.) Holub,Bromopsis ramosa,Bromopsis,ramosa,(Huds.) Holub,,408949,421,Pisum,LB01,,,26.48,13.24,25897.44,12948.72,3.51,4.17,0.88,Paul Eguia,
395160-1,Catapodium marinum (L.) C.E. Hubb.,Catapodium marinum,(L.) C.E. Hubb.,Catapodium marinum,Catapodium,marinum,(L.) C.E. Hubb.,,53132,620,Pisum,GPB3%PVPBmet,,,12.78,6.39,12498.84,6249.42,3.77,3.62,0.07,Paul Eguia,
200063-1,Crepis mollis (Jacq.) Asch.,Crepis mollis,(Jacq.) Asch.,Crepis mollis,Crepis,mollis,(Jacq.) Asch.,,127004,919,Pisum,GPB3%PVPBmet,,,16.29,8.15,15931.62,7970.7,2.39,4.02,,Paul Eguia,
912429-1,Elymus athericus (Link) Kerguélen,Elymus athericus,(Link) Kerguélen,Elytrigia atherica,Elytrigia,atherica,(Link) Kerguélen,,39408,1135,Pisum,GPB3%PVPBmet,,,27.23,13.62,26630.94,13320.36,4.15,3.58,0.34,Paul Eguia,y
93610-2,Erigeron borealis (Vierh.) Simmons,Erigeron borealis,(Vierh.) Simmons,Erigeron borealis,Erigeron,borealis,(Vierh.) Simmons,,945095,1195,Pisum,GPB3%PVPBmet,,,3.31,1.66,3237.18,1623.48,4.55,2.94,0.04,Paul Eguia,
494256-1,Ervum gracile DC.,Ervum gracile,DC.,Vicia parviflora,Vicia,parviflora,,,11282,,Pisum,GPB3%PVPBmet,252.2033,404.2667,5.67,2.84,5546.07,2773.04,3.73,1.996667,0.008962886,Lauren Marie Pollitt,y
407309-1,Leymus arenarius (L.) Hochst.,Leymus arenarius,(L.) Hochst.,Leymus arenarius,Leymus,arenarius,(L.) Hochst.,,136307,2055,Pisum,LB01,,,23.5,11.75,22983,11491.5,3.42,4.51,0.21,Paul Eguia,
77068343-1,"Lysimachia maritima (L.) Galasso, Banfi & Soldano",Lysimachia maritima,"(L.) Galasso, Banfi & Soldano",Glaux maritima,Glaux,maritima,,,130408,,Pisum,GPB3%PVPBmet,234.9967,676.34,3.16,1.58,3088.87,1544.43,2.113333,1.67,0.008717798,Lauren Marie Pollitt,y
510864-1,Ornithopus pinnatus (Mill.) Druce,Ornithopus pinnatus,(Mill.) Druce,Ornithopus pinnatus,Ornithopus,pinnatus,,,75909,,Pisum,GPB3%PVPBmet,145.2,929.33,1.42,0.71,1388.99,694.5,4.853333,1.25,0.020033306,Lauren Marie Pollitt,
415866-1,Phleum phleoides (L.) H. Karst.,Phleum phleoides,(L.) H. Karst.,Phleum phleoides,Phleum,phleoides,(L.) H. Karst.,,110336,2545,Pisum,LB01,,,4.04,2.02,3951.12,1975.56,3.2,2.7,0.03,Paul Eguia,
247845-1,Senecio sylvaticus L.,Senecio sylvaticus,L.,Senecio sylvaticus,Senecio,sylvaticus,L.,,66994,3492,Pisum,GPB3%PVPBmet,,,4.48,2.24,4381.44,2190.72,4.46,2.87,0.09,Paul Eguia,
525117-1,Vicia sativa L.,Vicia sativa,L.,Vicia sativa,Vicia,sativa,,,11684,,Pisum,GPB3%PVPBmet,197.3767,407.61,4.4,2.2,4304.81,2152.4,5.09,2.18,0.041860881,Lauren Marie Pollitt,
278599-1,Arabis scabra All.,Arabis scabra,All.,Arabis scabra,Arabis,scabra,,MSB,109453,,Solanum,GPB3%PVPBmet,166.9566667,407.2066667,0.82,0.41,801.97,400.98,5.436666667,3.233333333,0.033650161,Robyn Powell,
301322-2,Betula nana L.,Betula nana,L.,Betula nana,Betula,nana,,MSB,1013711,,Solanum,GPB3%PVPBmet,166.1466667,317.7966667,1.05,0.52,1022.61,511.31,4.326666667,3.163333333,0.013613719,Robyn Powell,
1144343-2,Blysmus compressus (L.) Panz. Ex Link,Blysmus compressus,(L.) Panz. Ex Link,Blysmus compressus,Blysmus,compressus,,MSB,668125,,Solanum,GPB3%PVPBmet,290.4733333,144.33,4.03,2.01,3936.57,1968.29,3.283333333,3.286666667,0.008082904,Robyn Powell,
298083-1,Blysmus rufus (Huds.) Link,Blysmus rufus,(Huds.) Link,Blysmus rufus,Blysmus,rufus,,MSB,947387,,Solanum,GPB3%PVPBmet,305.5033333,148.9866667,4.1,2.05,4010.86,2005.43,5.503333333,5.436666667,0.008621678,Robyn Powell,
298610-1,Carex aquatilis Wahlenb.,Carex aquatilis,Wahlenb.,Carex aquatalis,Carex,aquatalis,,MSB,892823,,Solanum,GPB3%PVPBmet,165.9766667,343.4033333,0.97,0.48,945.39,472.7,4.353333333,2.766666667,0.021501938,Robyn Powell,
30074480-2,Carex capillaris L.,Carex capillaris,L.,Carex capillaris,Carex,capillaris,,MSB,102225,,Solanum,GPB3%PVPBmet,219.9766667,371.43,1.18,0.59,1158.43,579.21,3.706666667,3.073333333,0.007234178,Robyn Powell,
30074480-2,Carex capillaris L.,Carex capillaris,L.,Carex capillaris,Carex,capillaris,,MSB,888097,,Solanum,GPB3%PVPBmet,222.3666667,357.3433333,1.24,0.62,1217.17,608.59,4.73,3.323333333,0.009291573,Robyn Powell,
299609-1,Carex elongata L.,Carex elongata,L.,Carex elongata,Carex,elongata,,MSB,8911239,,Solanum,GPB3%PVPBmet,222.9,498.8633333,0.89,0.45,873.97,436.99,4.556666667,3.12,0.02227854,Robyn Powell,
300678-1,Carex limosa L.,Carex limosa,L.,Carex limosa,Carex,limosa,,MSB,889692,,Solanum,GPB3%PVPBmet,179.4733333,337.49,1.06,0.53,1040.18,520.09,3.83,2.693333333,0.02212088,Robyn Powell,
30066383-2,Carex nigra (L.) Reichard,Carex nigra,(L.) Reichard,Carex nigra,Carex,nigra,,MSB,135908,,Solanum,GPB3%PVPBmet,491.8366667,387.0566667,2.54,1.27,2485.51,1242.75,4.47,2.84,0.010692677,Sahr Mian ,
281469-1,Cochlearia officinalis L.,Cochlearia officinalis,L.,Cochlearia officinalis,Cochlearia,officinalis,,MSB,939047,,Solanum,GPB3%PVPBmet,273.21,323.3866667,1.69,0.84,1652.51,826.25,3.16,2.796666667,0.008888194,Robyn Powell,
330929-2,Cyperus fuscus L.,Cyperus fuscus,L.,Cyperus fuscus,Cyperus,fuscus,,MSB,863355,,Solanum,GPB3%PVPBmet,130.52,477.5366667,0.55,0.27,534.61,267.31,6.186666667,4.036666667,0.085434185,Robyn Powell,
611919-1,Epilobium hirsutum L.,Epilobium hirsutum,L.,Epilobium hirsutum,Epilobium,hirsutum,,MSB,901727,,Solanum,GPB3%PVPBmet,110.8333333,244.95,0.9,0.45,885.04,442.52,3.02,2.556666667,0.009291573,Arezoo Dastpak,
30074127-2,Fragaria vesca L.,Fragaria vesca,L.,Fragaria vesca,Fragaria,vesca,,MSB,886783,,Solanum,GPB3%PVPBmet,162.4066667,563.2533333,0.58,0.29,563.99,281.99,5.233333333,3.543333333,0.030369941,Robyn Powell,
717344-1,Frangula alnus Mill.,Frangula alnus,Mill.,Frangula alnus,Frangula,alnus,,MSB,992664,,Solanum,GPB3%PVPBmet,164.0666667,403.87,0.81,0.41,794.6,397.3,7.19,2.633333333,0.048644972,Robyn Powell,
673038-1,Fumaria muralis Sond. ex W.D.J. Koch,Fumaria muralis,Sond. ex W.D.J. Koch,Fumaria muralis,Fumaria,muralis,,MSB,153089,,Solanum,GPB3%PVPBmet,270.0423333,390.9566667,1.38,0.69,1351.05,675.53,6.02,3.646666667,0.023115651,Sahr Mian,
148161-2,Lysimachia thyrsiflora L.,Lysimachia thyrsiflora,L.,Lysimachia thyrsiflora,Lysimachia,thyrsiflora,,MSB,129097,,Solanum,GPB3%PVPBmet,262.78,180.9166667,2.9,1.45,2841.07,1420.54,2.82,5.23,0.013316656,Robyn Powell,
538658-1,Narthecium ossifragum (L.) Huds.,Narthecium ossifragum,(L.) Huds.,Narthecium ossifragum,Narthecium,ossifragum,,MSB,1003835,,Solanum,GPB3%PVPBmet,140.6633333,277.9633333,1.01,0.51,989.83,494.92,5.2,3.23,0.008326664,Arezoo Dastpak,
845312-1,Oenanthe lachenalii C.C. Gmel.,Oenanthe lachenalii,C.C. Gmel.,Oenanthe lachenalii,Oenanthe,lachenalii,,MSB,143802,,Solanum,GPB3%PVPBmet,278.6866667,391.34,1.42,0.71,1392.93,696.47,3.033333333,3.016666667,0.008504901,Sahr Mian,
302387-2,Populus tremula L.,Populus tremula,L.,Populus tremula,Populus,tremula,,MSB,1039759,,Solanum,GPB3%PVPBmet,169.9833333,316.9866667,1.07,0.54,1048.9,524.45,5.816666667,3.016666667,0.024583192,Robyn Powell,
455176-1,Prunella vulgaris L.,Prunella vulgaris,L.,Prunella vulgaris,Prunella,vulgaris,,MSB,893749,,Solanum,GPB3%PVPBmet,324.75,393.74,1.65,0.82,1613.28,806.64,4.4,4.74,0,Robyn Powell,
718256-1,Rhamnus cathartica L.,Rhamnus cathartica,L.,Rhamnus cathartica,Rhamnus,cathartica,,MSB,1001783,,Solanum,GPB3%PVPBmet,203.8966667,374.4,1.09,0.54,1065.23,532.61,3.796666667,2.53,0.001,Arezoo Dastpak,
718256-1,Rhamnus cathartica L.,Rhamnus cathartica,L.,Rhamnus cathartica,Rhamnus,cathartica,,MSB,953368,,Solanum,GPB3%PVPBmet,227.68,421.4966667,1.08,0.54,1056.57,528.29,5.65,2.343333333,0.016522712,Robyn Powell,
718256-1,Rhamnus cathartica L.,Rhamnus cathartica,L.,Rhamnus cathartica,Rhamnus,cathartica,,MSB,1001831,,Solanum,GPB3%PVPBmet,153.29,289.55,1.06,0.53,1035.52,517.76,4.04,2.13,0,Robyn Powell,
962053-1,Roemeria argemone L.,Roemeria argemone,L.,Papaver argemone,Papaver,argemone,,MSB,897323,,Solanum,GPB3%PVPBmet,548.0433333,127.3433333,8.61,4.3,8417.97,4208.99,1.933333333,2.593333333,0.011015141,Robyn Powell,y
298089-2,Rubus idaeus L.,Rubus idaeus,L.,Rubus idaeus,Rubus,idaeus,,MSB,953494,,Solanum,GPB3%PVPBmet,149.9533333,443.4033333,0.68,0.34,661.49,330.75,5.01,2.356666667,0.031575307,Robyn Powell,
298089-2,Rubus idaeus L.,Rubus idaeus,L.,Rubus idaeus,Rubus,idaeus,,MSB,947620,,Solanum,GPB3%PVPBmet,161.3266667,462.35,0.7,0.35,682.5,341.25,4.78,2.426666667,0.026627054,Robyn Powell,
298089-2,Rubus idaeus L.,Rubus idaeus,L.,Rubus idaeus,Rubus,idaeus,,MSB,899453,,Solanum,GPB3%PVPBmet,289.23,819.98,0.71,0.35,689.94,344.97,4.22,2.2,0,Robyn Powell,
301511-2,Rumex aquaticus L.,Rumex aquaticus,L.,Rumex aquaticus,Rumex,aquaticus,,MSB,115847,,Solanum,GPB3%PVPBmet,833.2533333,144.4033333,11.54,5.77,11286.74,5643.37,3.936666667,3.936666667,0.034501208,Robyn Powell,
77137578-1,Sabulina rubella (Wahlenb.) Dillenb. & Kadereit,Sabulina rubella,(Wahlenb.) Dillenb. & Kadereit,Sabulina rubella,Sabulina,rubella,,MSB,115803,,Solanum,GPB3%PVPBmet,163.5933333,272.1966667,1.2,0.6,1175.58,587.79,5.476666667,3.666666667,0.004,Robyn Powell,
457495-1,Salvia verbenaca L.,Salvia verbenaca,L.,Salvia verbenaca,Salvia,verbenaca,,MSB,236469,,Solanum,GPB3%PVPBmet,284.95,198.73,2.87,1.43,2804.62,1402.31,2.763333333,3.873333333,0.002081666,Robyn Powell,
849502-1,Torilis arvensis (Huds.) Link,Torilis arvensis,(Huds.) Link,Torilis arvensis,Torilis,arvensis,,MSB,1015689,,Solanum,GPB3%PVPBmet,231.3966667,159.4966667,2.9,1.45,2837.75,1418.88,2.983333333,2.983333333,0.001154701,Sahr Mian ,
315464-1,Trichophorum cespitosum (L.) Hartm.,Trichophorum cespitosum,(L.) Hartm.,Trichophorum cespitosum,Trichophorum,cespitosum,,MSB,939070,,Solanum,GPB3%PVPBmet,108.4866667,273.9866667,0.79,0.4,774.49,387.24,6.3,3.353333333,0.060500689,Arezoo Dastpak,
523679-1,Trifolium scabrum L.,Trifolium scabrum,L.,Trifolium scabrum,Trifolium,scabrum,,MSB,112570,,Solanum,GPB3%PVPBmet,187.9,339.9333333,1.11,0.55,1081.19,540.59,4.05,4.6,0.027682726,Robyn Powell,
811649-1,Veronica arvensis L.,Veronica arvensis,L.,Veronica arvensis,Veronica,arvensis,,MSB,903662,,Solanum,GPB3%PVPBmet,167.06,361.1,0.93,0.46,904.93,452.46,4.56,2.72,0.038183766,Robyn Powell,
30036759-2,Alnus glutinosa (L.) Gaertn.,Alnus glutinosa,(L.) Gaertn.,Alnus glutinosa,Alnus,glutinosa,,Offsite,MC9038,,Solanum,OXPRO,364.6833333,639.61,1.14,0.57,1115.24,557.62,2.216666667,3.116666667,0.013051181,Sahr Mian ,
277970-1,Arabidopsis thaliana (L.) Heynh.,Arabidopsis thaliana,(L.) Heynh.,Arabidopsis thaliana,Arabidopsis,thaliana,,Offsite,MC9041,,Solanum,GPB3%PVPBmet,141.4266667,788.1466667,0.36,0.18,350.99,175.49,1.85,4.316666667,0.152070159,Sahr Mian ,
178406-1,Arctium minus (Hill) Bernh.,Arctium minus,(Hill) Bernh.,Arctium minus,Arctium,minus,,Offsite,MC9018,,Solanum,GPB3%PVPBmet,474.1833333,224.4233333,4.23,2.11,4132.83,2066.41,2.183333333,2.683333333,0.02212088,Sahr Mian ,
814358-1,Atropa belladonna L.,Atropa belladonna,L.,Atropa belladonna,Atropa,belladonna,,Offsite,MC9006,,Solanum,GPB3%PVPBmet,501.02,233.4466667,4.29,2.15,4197.94,2098.97,2.9,2.666666667,0.015716234,Sahr Mian ,
184409-1,Bellis perennis L.,Bellis perennis,L.,Bellis perennis,Bellis,perennis,,Offsite,MC9061,,Solanum,GPB3%PVPBmet,571.1833333,320.9966667,3.56,1.78,3480.52,1740.26,2.643333333,2.896666667,0.011015141,Sahr Mian ,
113618-1,Borago officinalis L.,Borago officinalis,L.,Borago officinalis,Borago,officinalis,,Offsite,MC9020,,Solanum,GPB3%PVPBmet,349.6733333,213.6966667,3.27,1.64,3200.62,1600.31,3.75,3.256666667,0.012220202,Sahr Mian ,
279435-1,Brassica oleracea L.,Brassica oleracea,L.,Brassica oleracea,Brassica,oleracea,,Offsite,MC9000,,Solanum,GPB3%PVPBmet,301.7833333,418.99,1.44,0.72,1408.84,704.42,3.376666667,4.106666667,0.006110101,Sahr Mian ,
291584-1,Bryonia dioica Jacq.,Bryonia dioica,Jacq.,Bryonia dioica,Bryonia,dioica,,Offsite,MC9030,,Solanum,GPB3%PVPBmet,437.92,268.7666667,3.26,1.63,3187.05,1593.52,2.706666667,3.23,0.012220202,Sahr Mian ,
30033025-2,Calystegia sepium (L.) R. Br.,Calystegia sepium,(L.) R. Br.,Calystegia sepium,Calystegia,sepium,,Offsite,MC9014,,Solanum,GPB3%PVPBmet,268.55,363.23,1.48,0.74,1446.15,723.07,3.276666667,3.79,0.007637626,Sahr Mian ,
801401-1,Chaenorhinum minus (L.) Lange,Chaenorhinum minus,(L.) Lange,Chaenorhinum minus,Chaenorhinum,minus,,Offsite,MC9043,,Solanum,OXPRO,215.91,474.11,0.91,0.46,890.76,445.38,2.663333333,3.413333333,0.018147543,Sahr Mian ,
611469-1,Circaea lutetiana L.,Circaea lutetiana,L.,Circaea lutetiana,Circaea,lutetiana,,Offsite,MC9005,,Solanum,GPB3%PVPBmet,231.4633333,376.6333333,1.23,0.61,1202.08,601.04,3.006666667,3.606666667,0.011590226,Sahr Mian ,
265849-1,Convolvulus arvensis L.,Convolvulus arvensis,L.,Convolvulus arvensis,Convolvulus,arvensis,,Offsite,MC9026,,Solanum,GPB3%PVPBmet,443.1466667,675.5166667,1.31,0.66,1283.16,641.58,3.126666667,3.166666667,0.013051181,Sahr Mian ,
841063-1,Daucus carota L.,Daucus carota,L.,Daucus carota,Daucus,carota,,Offsite,MC9054,,Solanum,GPB3%PVPBmet,255.07,451.8266667,1.13,0.56,1104.22,552.11,2.586666667,2.86,0.018147543,Sahr Mian ,
347724-1,Euphorbia peplus L.,Euphorbia peplus,L.,Euphorbia peplus,Euphorbia,peplus,,Offsite,MC9009,,Solanum,GPB3%PVPBmet,220.04,552.48,0.8,0.4,779.03,389.51,2.736666667,4.816666667,0.019756855,Sahr Mian ,
103354-2,Fallopia convolvulus (L.) Á. Löve,Fallopia convolvulus,(L.) Á. Löve,Fallopia convolvulus,Fallopia,convolvulus,,Offsite,MC9031,,Solanum,GPB3%PVPBmet,405.7266667,581.9766667,1.39,0.7,1363.63,681.82,3.156666667,3.94,0.013051181,Sahr Mian ,
724943-1,Filipendula ulmaria (L.) Maxim.,Filipendula ulmaria,(L.) Maxim.,Filipendula ulmaria,Filipendula,ulmaria,,Offsite,MC9037,,Solanum,OXPRO,247.8166667,619.0133333,0.8,0.4,783.07,391.53,2.463333333,3.883333333,0.013051181,Sahr Mian ,
30017594-2,Fumaria officinalis L.,Fumaria officinalis,L.,Fumaria officinalis,Fumaria,officinalis,,Offsite,MC9008,,Solanum,GPB3%PVPBmet,241.1166667,375.01,1.29,0.64,1257.63,628.82,3.133333333,4.173333333,0.006429101,Sahr Mian ,
433719-1,Hypericum perforatum L.,Hypericum perforatum,L.,Hypericum perforatum,Hypericum,perforatum,,Offsite,MC9064,,Solanum,GPB3%PVPBmet,379.9133333,469.6966667,1.62,0.81,1582.11,791.05,2.793333333,3.13,0.010598742,Sahr Mian ,
442917-1,Juncus effusus L.,Juncus effusus,L.,Juncus effusus,Juncus,effusus,,Offsite,MC9019,,Solanum,GPB3%PVPBmet,129.3166667,430.53,0.6,0.3,587.52,293.76,2.483333333,2.973333333,0.044105933,Sahr Mian ,
147990-2,Lythrum salicaria L.,Lythrum salicaria,L.,Lythrum salicaria,Lythrum,salicaria,,Offsite,MC9015,,Solanum,GPB3%PVPBmet,395.46,244.25,3.24,1.62,3166.92,1583.46,3.46,3.723333333,0.022605309,Sahr Mian ,
58427-3,Medicago arabica (L.) Huds.,Medicago arabica,(L.) Huds.,Medicago arabica,Medicago,arabica,,Offsite,MC9024,,Solanum,GPB3%PVPBmet,276.9833333,445.6933333,1.24,0.62,1215.59,607.79,2.8,3.153333333,0.008621678,Sahr Mian ,
806149-1,Misopates orontium (L.) Raf.,Misopates orontium,(L.) Raf.,Misopates orontium,Misopates,orontium,,Offsite,MC9021,,Solanum,GPB3%PVPBmet,234.42,470.0566667,1,0.5,975.47,487.73,2.89,4.543333333,0.044105933,Sahr Mian ,
662398-1,Orobanche hederae Duby,Orobanche hederae,Duby,Orobanche hederae,Orobanche,hederae,,Offsite,MC9002,,Solanum,GPB3%PVPBmet,571.76,202.3033333,5.65,2.83,5528.15,2764.07,3.316666667,3.63,0.060368314,Sahr Mian ,
673488-1,Papaver dubium L.,Papaver dubium,L.,Papaver dubium,Papaver,dubium,,Offsite,MC9007,,Solanum,GPB3%PVPBmet,480.1933333,198.2266667,4.84,2.42,4738.3,2369.15,2.66,3.53,0.027098585,Sahr Mian ,
854934-1,Parietaria judaica L.,Parietaria judaica,L.,Parietaria judaica,Parietaria,judaica,,Offsite,MC9057,,Solanum,GPB3%PVPBmet,329.55,429.54,1.53,0.77,1500.67,750.34,2.55,3.073333333,0.012096832,Sahr Mian ,
695052-1,Persicaria maculosa Gray,Persicaria maculosa,Gray,Persicaria maculosa,Persicaria,maculosa,,Offsite,MC9013,,Solanum,GPB3%PVPBmet,420.0333333,242.52,3.46,1.73,3387.7,1693.85,3.62,4.1,0.016743158,Sahr Mian ,
857987-1,Urtica urens L.,Urtica urens,L.,Urtica urens,Urtica,urens,,Offsite,MC9011,,Solanum,GPB3%PVPBmet,222.0133333,436.37,1.02,0.51,995.16,497.58,3.803333333,3.673333333,0.037753587,Sahr Mian ,
330554-2,Verbena officinalis L.,Verbena officinalis,L.,Verbena officinalis,Verbena,officinalis,,Offsite,MC9017,,Solanum,GPB3%PVPBmet,213.13,589.5666667,0.72,0.36,707.1,353.55,2.543333333,4.126666667,0.058412327,Sahr Mian ,
30036759-2,Alnus glutinosa (L.) Gaertn.,Alnus glutinosa,(L.) Gaertn.,Alnus glutinosa,Alnus,glutinosa,,RBGE,ZAG1898,,Solanum,GPB3%PVPBmet,231.1266667,427.69,1.08,0.54,1057.04,528.52,3.206666667,3.606666667,0.015874508,Sahr Mian ,
301322-2,Betula nana L.,Betula nana,L.,Betula nana,Betula,nana,,RBGE,ZAG1891,,Solanum,GPB3%PVPBmet,273.88,503.95,1.09,0.54,1063.02,531.51,2.67,4.383333333,0.013012814,Sahr Mian ,
327305-1,Calluna vulgaris (L.) Hull,Calluna vulgaris,(L.) Hull,Calluna vulgaris,Calluna,vulgaris,,RBGE,ZAG1892,,Solanum,GPB3%PVPBmet,244.9633333,387.98,1.26,0.63,1234.98,617.49,2.986666667,4.38,0.011789826,Sahr Mian ,
302054-2,Dianthus deltoides L.,Dianthus deltoides,L.,Dianthus deltoides,Dianthus,deltoides,,RBGE,ZAG1874,,Solanum,GPB3%PVPBmet,222.0666667,457.95,0.97,0.48,948.49,474.25,3.11,2.343333333,0.013012814,Sahr Mian ,
717344-1,Frangula alnus Mill.,Frangula alnus,Mill.,Frangula alnus,Frangula,alnus,,RBGE,ZAG1894,,Solanum,GPB3%PVPBmet,267.5966667,509.4166667,1.05,0.53,1027.49,513.74,3.333333333,4.493333333,0.829727064,Sahr Mian ,
20009373-1,Luzula sylvatica (Huds.) Gaudin,Luzula sylvatica,(Huds.) Gaudin,Luzula sylvtica,Luzula,sylvtica,,RBGE,ZAG1900,,Solanum,GPB3%PVPBmet,168.8466667,637.6933333,0.53,0.26,517.9,258.95,2.006666667,3.516666667,0.076787586,Sahr Mian ,
304306-2,Salix lanata L.,Salix lanata,L.,Salix lanata,Salix,lanata,,RBGE,ZAG1889,,Solanum,GPB3%PVPBmet,251.4,558.4233333,0.9,0.45,880.58,440.29,2.333333333,3.816666667,0.013012814,Sahr Mian ,
741641-1,Sorbus aucuparia L.,Sorbus aucuparia,L.,Sorbus aucuparia,Sorbus,aucuparia,,RBGE,ZAG1909,,Solanum,GPB3%PVPBmet,211.2433333,359.3266667,1.18,0.59,1149.91,574.95,3.223333333,4.063333333,0.586912543,Sahr Mian ,
741641-1,Sorbus aucuparia L.,Sorbus aucuparia,L.,Sorbus aucuparia,Sorbus,aucuparia,,RBGE,ZAG1909,,Solanum,Ebihara,297.0866667,483.3466667,1.23,0.61,1202.25,601.12,3.286666667,3.113333333,0.045610671,Sahr Mian ,
77145450-1,Calamagrostis canescens (F.H. Wigg.) Roth,Calamagrostis canescens,(F.H. Wigg.) Roth,Calamagrostis canescens,Calamagrostis,canescens,(F.H. Wigg.) Roth,,135805,455,Solanum,GPB3%PVPBmet,,,7.59,3.8,7423.02,3716.4,5.02,4.69,0.25,Paul Eguia,
231067-1,Logfia minima (Sm.) Dumort.,Logfia minima,(Sm.) Dumort.,Filago minima,Filago,minima,(Sm.) Pers.,,120669,1340,Solanum,LB01,,,1.3,0.65,1271.4,635.7,5.35,4.11,0.02,Paul Eguia,y
